year	league_id	league_key	club_id	club_key	club_name	club_url
2011	23	english+premier+league	382	manchester-city	Manchester City	http://www.espnfc.us/club/manchester-city/382/index
2011	23	english+premier+league	360	manchester-united	Manchester United	http://www.espnfc.us/club/manchester-united/360/index
2011	23	english+premier+league	359	arsenal	Arsenal	http://www.espnfc.us/club/arsenal/359/index
2011	23	english+premier+league	367	tottenham-hotspur	Tottenham Hotspur	http://www.espnfc.us/club/tottenham-hotspur/367/index
2011	23	english+premier+league	361	newcastle-united	Newcastle United	http://www.espnfc.us/club/newcastle-united/361/index
2011	23	english+premier+league	363	chelsea	Chelsea	http://www.espnfc.us/club/chelsea/363/index
2011	23	english+premier+league	368	everton	Everton	http://www.espnfc.us/club/everton/368/index
2011	23	english+premier+league	364	liverpool	Liverpool	http://www.espnfc.us/club/liverpool/364/index
2011	23	english+premier+league	370	fulham	Fulham	http://www.espnfc.us/club/fulham/370/index
2011	23	english+premier+league	383	west-bromwich-albion	West Bromwich Albion	http://www.espnfc.us/club/west-bromwich-albion/383/index
2011	23	english+premier+league	318	swansea-city	Swansea City	http://www.espnfc.us/club/swansea-city/318/index
2011	23	english+premier+league	381	norwich-city	Norwich City	http://www.espnfc.us/club/norwich-city/381/index
2011	23	english+premier+league	366	sunderland	Sunderland	http://www.espnfc.us/club/sunderland/366/index
2011	23	english+premier+league	336	stoke-city	Stoke City	http://www.espnfc.us/club/stoke-city/336/index
2011	23	english+premier+league	350	wigan-athletic	Wigan Athletic	http://www.espnfc.us/club/wigan-athletic/350/index
2011	23	english+premier+league	362	aston-villa	Aston Villa	http://www.espnfc.us/club/aston-villa/362/index
2011	23	english+premier+league	334	queens-park-rangers	Queens Park Rangers	http://www.espnfc.us/club/queens-park-rangers/334/index
2011	23	english+premier+league	358	bolton-wanderers	Bolton Wanderers	http://www.espnfc.us/club/bolton-wanderers/358/index
2011	23	english+premier+league	365	blackburn-rovers	Blackburn Rovers	http://www.espnfc.us/club/blackburn-rovers/365/index
2011	23	english+premier+league	380	wolverhampton-wanderers	Wolverhampton Wanderers	http://www.espnfc.us/club/wolverhampton-wanderers/380/index
2011	15	spanish+primera+división	86	real-madrid	Real Madrid	http://www.espnfc.us/club/real-madrid/86/index
2011	15	spanish+primera+división	83	barcelona	Barcelona	http://www.espnfc.us/club/barcelona/83/index
2011	15	spanish+primera+división	94	valencia	Valencia	http://www.espnfc.us/club/valencia/94/index
2011	15	spanish+primera+división	99	malaga	Málaga	http://www.espnfc.us/club/malaga/99/index
2011	15	spanish+primera+división	1068	atletico-madrid	Atletico Madrid	http://www.espnfc.us/club/atletico-madrid/1068/index
2011	15	spanish+primera+división	1538	levante	Levante	http://www.espnfc.us/club/levante/1538/index
2011	15	spanish+primera+división	97	osasuna	Osasuna	http://www.espnfc.us/club/osasuna/97/index
2011	15	spanish+primera+división	84	mallorca	Mallorca	http://www.espnfc.us/club/mallorca/84/index
2011	15	spanish+primera+división	243	sevilla-fc	Sevilla FC	http://www.espnfc.us/club/sevilla-fc/243/index
2011	15	spanish+primera+división	93	athletic-bilbao	Athletic Bilbao	http://www.espnfc.us/club/athletic-bilbao/93/index
2011	15	spanish+primera+división	2922	getafe	Getafe	http://www.espnfc.us/club/getafe/2922/index
2011	15	spanish+primera+división	89	real-sociedad	Real Sociedad	http://www.espnfc.us/club/real-sociedad/89/index
2011	15	spanish+primera+división	244	real-betis	Real Betis	http://www.espnfc.us/club/real-betis/244/index
2011	15	spanish+primera+división	88	espanyol	Espanyol	http://www.espnfc.us/club/espanyol/88/index
2011	15	spanish+primera+división	101	rayo-vallecano	Rayo Vallecano	http://www.espnfc.us/club/rayo-vallecano/101/index
2011	15	spanish+primera+división	91	real-zaragoza	Real Zaragoza	http://www.espnfc.us/club/real-zaragoza/91/index
2011	15	spanish+primera+división	3747	granada	Granada	http://www.espnfc.us/club/granada/3747/index
2011	15	spanish+primera+división	102	villarreal	Villarreal	http://www.espnfc.us/club/villarreal/102/index
2011	15	spanish+primera+división	3788	sporting-gijon	Sporting Gijón	http://www.espnfc.us/club/sporting-gijon/3788/index
2011	15	spanish+primera+división	87	racing-santander	Racing Santander	http://www.espnfc.us/club/racing-santander/87/index
2011	10	german+bundesliga	124	borussia-dortmund	Borussia Dortmund	http://www.espnfc.us/club/borussia-dortmund/124/index
2011	10	german+bundesliga	132	bayern-munich	Bayern Munich	http://www.espnfc.us/club/bayern-munich/132/index
2011	10	german+bundesliga	133	schalke-04	Schalke 04	http://www.espnfc.us/club/schalke-04/133/index
2011	10	german+bundesliga	268	borussia-monchengladbach	Borussia Monchengladbach	http://www.espnfc.us/club/borussia-monchengladbach/268/index
2011	10	german+bundesliga	131	bayer-leverkusen	Bayer Leverkusen	http://www.espnfc.us/club/bayer-leverkusen/131/index
2011	10	german+bundesliga	134	vfb-stuttgart	VfB Stuttgart	http://www.espnfc.us/club/vfb-stuttgart/134/index
2011	10	german+bundesliga	2428	hannover-96	Hannover 96	http://www.espnfc.us/club/hannover-96/2428/index
2011	10	german+bundesliga	138	vfl-wolfsburg	VfL Wolfsburg	http://www.espnfc.us/club/vfl-wolfsburg/138/index
2011	10	german+bundesliga	137	werder-bremen	Werder Bremen	http://www.espnfc.us/club/werder-bremen/137/index
2011	10	german+bundesliga	269	nurnberg	Nurnberg	http://www.espnfc.us/club/nurnberg/269/index
2011	10	german+bundesliga	7911	tsg-hoffenheim	TSG Hoffenheim	http://www.espnfc.us/club/tsg-hoffenheim/7911/index
2011	10	german+bundesliga	126	sc-freiburg	SC Freiburg	http://www.espnfc.us/club/sc-freiburg/126/index
2011	10	german+bundesliga	2950	mainz	Mainz	http://www.espnfc.us/club/mainz/2950/index
2011	10	german+bundesliga	3841	fc-augsburg	FC Augsburg	http://www.espnfc.us/club/fc-augsburg/3841/index
2011	10	german+bundesliga	127	hamburg-sv	Hamburg SV	http://www.espnfc.us/club/hamburg-sv/127/index
2011	10	german+bundesliga	129	hertha-berlin	Hertha Berlin	http://www.espnfc.us/club/hertha-berlin/129/index
2011	10	german+bundesliga	122	fc-cologne	FC Cologne	http://www.espnfc.us/club/fc-cologne/122/index
2011	10	german+bundesliga	130	kaiserslautern	Kaiserslautern	http://www.espnfc.us/club/kaiserslautern/130/index
2011	12	italian+serie+a	111	juventus	Juventus	http://www.espnfc.us/club/juventus/111/index
2011	12	italian+serie+a	103	ac-milan	AC Milan	http://www.espnfc.us/club/ac-milan/103/index
2011	12	italian+serie+a	118	udinese	Udinese	http://www.espnfc.us/club/udinese/118/index
2011	12	italian+serie+a	112	lazio	Lazio	http://www.espnfc.us/club/lazio/112/index
2011	12	italian+serie+a	114	napoli	Napoli	http://www.espnfc.us/club/napoli/114/index
2011	12	italian+serie+a	110	internazionale	Internazionale	http://www.espnfc.us/club/internazionale/110/index
2011	12	italian+serie+a	104	as-roma	AS Roma	http://www.espnfc.us/club/as-roma/104/index
2011	12	italian+serie+a	115	parma	Parma	http://www.espnfc.us/club/parma/115/index
2011	12	italian+serie+a	107	bologna	Bologna	http://www.espnfc.us/club/bologna/107/index
2011	12	italian+serie+a	238	chievo-verona	Chievo Verona	http://www.espnfc.us/club/chievo-verona/238/index
2011	12	italian+serie+a	3258	catania	Catania	http://www.espnfc.us/club/catania/3258/index
2011	12	italian+serie+a	105	atalanta	Atalanta	http://www.espnfc.us/club/atalanta/105/index
2011	12	italian+serie+a	109	fiorentina	Fiorentina	http://www.espnfc.us/club/fiorentina/109/index
2011	12	italian+serie+a	2735	siena	Siena	http://www.espnfc.us/club/siena/2735/index
2011	12	italian+serie+a	2925	cagliari	Cagliari	http://www.espnfc.us/club/cagliari/2925/index
2011	12	italian+serie+a	2923	palermo	Palermo	http://www.espnfc.us/club/palermo/2923/index
2011	12	italian+serie+a	3263	genoa	Genoa	http://www.espnfc.us/club/genoa/3263/index
2011	12	italian+serie+a	113	lecce	Lecce	http://www.espnfc.us/club/lecce/113/index
2011	12	italian+serie+a	3954	novara	Novara	http://www.espnfc.us/club/novara/3954/index
2011	12	italian+serie+a	3337	cesena	Cesena	http://www.espnfc.us/club/cesena/3337/index
2011	9	french+ligue+1	274	montpellier	Montpellier	http://www.espnfc.us/club/montpellier/274/index
2011	9	french+ligue+1	160	paris-saint-germain	Paris Saint-Germain	http://www.espnfc.us/club/paris-saint-germain/160/index
2011	9	french+ligue+1	166	lille	Lille	http://www.espnfc.us/club/lille/166/index
2011	9	french+ligue+1	167	lyon	Lyon	http://www.espnfc.us/club/lyon/167/index
2011	9	french+ligue+1	159	bordeaux	Bordeaux	http://www.espnfc.us/club/bordeaux/159/index
2011	9	french+ligue+1	169	stade-rennes	Stade Rennes	http://www.espnfc.us/club/stade-rennes/169/index
2011	9	french+ligue+1	178	st-etienne	St Etienne	http://www.espnfc.us/club/st-etienne/178/index
2011	9	french+ligue+1	179	toulouse	Toulouse	http://www.espnfc.us/club/toulouse/179/index
2011	9	french+ligue+1	11058	evian-thonon-gaillard	Evian Thonon Gaillard	http://www.espnfc.us/club/evian-thonon-gaillard/11058/index
2011	9	french+ligue+1	176	marseille	Marseille	http://www.espnfc.us/club/marseille/176/index
2011	9	french+ligue+1	3267	as-nancy-lorraine	AS Nancy Lorraine	http://www.espnfc.us/club/as-nancy-lorraine/3267/index
2011	9	french+ligue+1	6732	valenciennes	Valenciennes	http://www.espnfc.us/club/valenciennes/6732/index
2011	9	french+ligue+1	2502	nice	Nice	http://www.espnfc.us/club/nice/2502/index
2011	9	french+ligue+1	272	sochaux	Sochaux	http://www.espnfc.us/club/sochaux/272/index
2011	9	french+ligue+1	6997	brest	Brest	http://www.espnfc.us/club/brest/6997/index
2011	9	french+ligue+1	2503	ac-ajaccio	AC Ajaccio	http://www.espnfc.us/club/ac-ajaccio/2503/index
2011	9	french+ligue+1	273	lorient	Lorient	http://www.espnfc.us/club/lorient/273/index
2011	9	french+ligue+1	2927	caen	Caen	http://www.espnfc.us/club/caen/2927/index
2011	9	french+ligue+1	3170	dijon-fco	Dijon FCO	http://www.espnfc.us/club/dijon-fco/3170/index
2011	9	french+ligue+1	172	aj-auxerre	AJ Auxerre	http://www.espnfc.us/club/aj-auxerre/172/index
2011	19	major+league+soccer	186	sporting-kansas-city	Sporting Kansas City	http://www.espnfc.us/club/sporting-kansas-city/186/index
2011	19	major+league+soccer	6077	houston-dynamo	Houston Dynamo	http://www.espnfc.us/club/houston-dynamo/6077/index
2011	19	major+league+soccer	10739	philadelphia-union	Philadelphia Union	http://www.espnfc.us/club/philadelphia-union/10739/index
2011	19	major+league+soccer	183	columbus-crew-sc	Columbus Crew SC	http://www.espnfc.us/club/columbus-crew-sc/183/index
2011	19	major+league+soccer	190	new-york-red-bulls	New York Red Bulls	http://www.espnfc.us/club/new-york-red-bulls/190/index
2011	19	major+league+soccer	182	chicago-fire	Chicago Fire	http://www.espnfc.us/club/chicago-fire/182/index
2011	19	major+league+soccer	193	dc-united	DC United	http://www.espnfc.us/club/dc-united/193/index
2011	19	major+league+soccer	7318	toronto-fc	Toronto FC	http://www.espnfc.us/club/toronto-fc/7318/index
2011	19	major+league+soccer	189	new-england-revolution	New England Revolution	http://www.espnfc.us/club/new-england-revolution/189/index
2011	19	major+league+soccer	187	la-galaxy	LA Galaxy	http://www.espnfc.us/club/la-galaxy/187/index
2011	19	major+league+soccer	9726	seattle-sounders-fc	Seattle Sounders FC	http://www.espnfc.us/club/seattle-sounders-fc/9726/index
2011	19	major+league+soccer	4771	real-salt-lake	Real Salt Lake	http://www.espnfc.us/club/real-salt-lake/4771/index
2011	19	major+league+soccer	185	fc-dallas	FC Dallas	http://www.espnfc.us/club/fc-dallas/185/index
2011	19	major+league+soccer	184	colorado-rapids	Colorado Rapids	http://www.espnfc.us/club/colorado-rapids/184/index
2011	19	major+league+soccer	9723	portland-timbers	Portland Timbers	http://www.espnfc.us/club/portland-timbers/9723/index
2011	19	major+league+soccer	191	san-jose-earthquakes	San Jose Earthquakes	http://www.espnfc.us/club/san-jose-earthquakes/191/index
2011	19	major+league+soccer	4772	chivas-usa	Chivas USA	http://www.espnfc.us/club/chivas-usa/4772/index
2011	19	major+league+soccer	9727	vancouver-whitecaps	Vancouver Whitecaps	http://www.espnfc.us/club/vancouver-whitecaps/9727/index
2011	22	mexican+liga+mx	219	guadalajara	Guadalajara	http://www.espnfc.us/club/guadalajara/219/index
2011	22	mexican+liga+mx	218	cruz-azul	Cruz Azul	http://www.espnfc.us/club/cruz-azul/218/index
2011	22	mexican+liga+mx	232	uanl	U.A.N.L	http://www.espnfc.us/club/uanl/232/index
2011	22	mexican+liga+mx	225	santos	Santos	http://www.espnfc.us/club/santos/225/index
2011	22	mexican+liga+mx	224	chiapas	Chiapas	http://www.espnfc.us/club/chiapas/224/index
2011	22	mexican+liga+mx	234	pachuca	Pachuca	http://www.espnfc.us/club/pachuca/234/index
2011	22	mexican+liga+mx	221	morelia	Morelia	http://www.espnfc.us/club/morelia/221/index
2011	22	mexican+liga+mx	222	queretaro	Querétaro	http://www.espnfc.us/club/queretaro/222/index
2011	22	mexican+liga+mx	233	pumas-unam	Pumas UNAM	http://www.espnfc.us/club/pumas-unam/233/index
2011	22	mexican+liga+mx	2490	san-luis	San Luis	http://www.espnfc.us/club/san-luis/2490/index
2011	22	mexican+liga+mx	220	monterrey	Monterrey	http://www.espnfc.us/club/monterrey/220/index
2011	22	mexican+liga+mx	231	puebla	Puebla	http://www.espnfc.us/club/puebla/231/index
2011	22	mexican+liga+mx	223	toluca	Toluca	http://www.espnfc.us/club/toluca/223/index
2011	22	mexican+liga+mx	226	atlante	Atlante	http://www.espnfc.us/club/atlante/226/index
2011	22	mexican+liga+mx	10125	tijuana	Tijuana	http://www.espnfc.us/club/tijuana/10125/index
2011	22	mexican+liga+mx	230	ua-de-g	U.A. de G.	http://www.espnfc.us/club/ua-de-g/230/index
2011	22	mexican+liga+mx	227	america	America	http://www.espnfc.us/club/america/227/index
2011	22	mexican+liga+mx	216	atlas	Atlas	http://www.espnfc.us/club/atlas/216/index
2011	24	english+league+championship	338	reading	Reading	http://www.espnfc.us/club/reading/338/index
2011	24	english+league+championship	376	southampton	Southampton	http://www.espnfc.us/club/southampton/376/index
2011	24	english+league+championship	371	west-ham-united	West Ham United	http://www.espnfc.us/club/west-ham-united/371/index
2011	24	english+league+championship	392	birmingham-city	Birmingham City	http://www.espnfc.us/club/birmingham-city/392/index
2011	24	english+league+championship	346	blackpool	Blackpool	http://www.espnfc.us/club/blackpool/346/index
2011	24	english+league+championship	347	cardiff-city	Cardiff City	http://www.espnfc.us/club/cardiff-city/347/index
2011	24	english+league+championship	369	middlesbrough	Middlesbrough	http://www.espnfc.us/club/middlesbrough/369/index
2011	24	english+league+championship	306	hull-city	Hull City	http://www.espnfc.us/club/hull-city/306/index
2011	24	english+league+championship	375	leicester-city	Leicester City	http://www.espnfc.us/club/leicester-city/375/index
2011	24	english+league+championship	331	brighton-and-hove-albion	Brighton & Hove Albion	http://www.espnfc.us/club/brighton-and-hove-albion/331/index
2011	24	english+league+championship	395	watford	Watford	http://www.espnfc.us/club/watford/395/index
2011	24	english+league+championship	374	derby-county	Derby County	http://www.espnfc.us/club/derby-county/374/index
2011	24	english+league+championship	379	burnley	Burnley	http://www.espnfc.us/club/burnley/379/index
2011	24	english+league+championship	357	leeds-united	Leeds United	http://www.espnfc.us/club/leeds-united/357/index
2011	24	english+league+championship	373	ipswich-town	Ipswich Town	http://www.espnfc.us/club/ipswich-town/373/index
2011	24	english+league+championship	391	millwall	Millwall	http://www.espnfc.us/club/millwall/391/index
2011	24	english+league+championship	384	crystal-palace	Crystal Palace	http://www.espnfc.us/club/crystal-palace/384/index
2011	24	english+league+championship	342	peterborough-united	Peterborough United	http://www.espnfc.us/club/peterborough-united/342/index
2011	24	english+league+championship	393	nottingham-forest	Nottingham Forest	http://www.espnfc.us/club/nottingham-forest/393/index
2011	24	english+league+championship	333	bristol-city	Bristol City	http://www.espnfc.us/club/bristol-city/333/index
2011	24	english+league+championship	397	barnsley	Barnsley	http://www.espnfc.us/club/barnsley/397/index
2011	24	english+league+championship	385	portsmouth	Portsmouth	http://www.espnfc.us/club/portsmouth/385/index
2011	24	english+league+championship	388	coventry-city	Coventry City	http://www.espnfc.us/club/coventry-city/388/index
2011	24	english+league+championship	279	doncaster-rovers	Doncaster Rovers	http://www.espnfc.us/club/doncaster-rovers/279/index
2011	1308	australian+a-league	5325	central-coast-mariners	Central Coast Mariners	http://www.espnfc.us/club/central-coast-mariners/5325/index
2011	1308	australian+a-league	5326	brisbane-roar	Brisbane Roar	http://www.espnfc.us/club/brisbane-roar/5326/index
2011	1308	australian+a-league	5322	perth-glory	Perth Glory	http://www.espnfc.us/club/perth-glory/5322/index
2011	1308	australian+a-league	8352	wellington-phoenix-fc	Wellington Phoenix FC	http://www.espnfc.us/club/wellington-phoenix-fc/8352/index
2011	1308	australian+a-league	5327	sydney-fc	Sydney FC	http://www.espnfc.us/club/sydney-fc/5327/index
2011	1308	australian+a-league	11143	melbourne-city-fc	Melbourne City FC	http://www.espnfc.us/club/melbourne-city-fc/11143/index
2011	1308	australian+a-league	5323	newcastle-jets	Newcastle Jets	http://www.espnfc.us/club/newcastle-jets/5323/index
2011	1308	australian+a-league	5328	melbourne-victory	Melbourne Victory	http://www.espnfc.us/club/melbourne-victory/5328/index
2011	1308	australian+a-league	5321	adelaide-united	Adelaide United	http://www.espnfc.us/club/adelaide-united/5321/index
2011	1308	australian+a-league	10502	gold-coast-united	Gold Coast United	http://www.espnfc.us/club/gold-coast-united/10502/index
2011	85	futebol+brasileiro	874	corinthians	Corinthians	http://www.espnfc.us/club/corinthians/874/index
2011	85	futebol+brasileiro	3454	cr-vasco-da-gama	CR Vasco da Gama	http://www.espnfc.us/club/cr-vasco-da-gama/3454/index
2011	85	futebol+brasileiro	3445	fluminense-fc	Fluminense FC	http://www.espnfc.us/club/fluminense-fc/3445/index
2011	85	futebol+brasileiro	819	flamengo	Flamengo	http://www.espnfc.us/club/flamengo/819/index
2011	85	futebol+brasileiro	1936	internacional	Internacional	http://www.espnfc.us/club/internacional/1936/index
2011	85	futebol+brasileiro	2026	sao-paulo	São Paulo	http://www.espnfc.us/club/sao-paulo/2026/index
2011	85	futebol+brasileiro	3461	figueirense-fc	Figueirense FC	http://www.espnfc.us/club/figueirense-fc/3461/index
2011	85	futebol+brasileiro	3456	coritiba-fbc	Coritiba FBC	http://www.espnfc.us/club/coritiba-fbc/3456/index
2011	85	futebol+brasileiro	6086	botafogo	Botafogo	http://www.espnfc.us/club/botafogo/6086/index
2011	85	futebol+brasileiro	2674	santos-fc	Santos FC	http://www.espnfc.us/club/santos-fc/2674/index
2011	85	futebol+brasileiro	2029	palmeiras	Palmeiras	http://www.espnfc.us/club/palmeiras/2029/index
2011	85	futebol+brasileiro	6273	gremio	Gremio	http://www.espnfc.us/club/gremio/6273/index
2011	85	futebol+brasileiro	10357	goianiense	Goianiense	http://www.espnfc.us/club/goianiense/10357/index
2011	85	futebol+brasileiro	9967	bahia	Bahia	http://www.espnfc.us/club/bahia/9967/index
2011	85	futebol+brasileiro	7632	atletico-mg	Atlético MG	http://www.espnfc.us/club/atletico-mg/7632/index
2011	85	futebol+brasileiro	2022	cruzeiro	Cruzeiro	http://www.espnfc.us/club/cruzeiro/2022/index
2011	85	futebol+brasileiro	3458	atletico-paranaense	Atlético Paranaense	http://www.espnfc.us/club/atletico-paranaense/3458/index
2011	85	futebol+brasileiro	9969	ceara	Ceará	http://www.espnfc.us/club/ceara/9969/index
2011	85	futebol+brasileiro	9966	avai	Avaí	http://www.espnfc.us/club/avai/9966/index
2011	1	primera+división+de+argentina	2635	arsenal-de-sarandi	Arsenal de Sarandí	http://www.espnfc.us/club/arsenal-de-sarandi/2635/index
2011	1	primera+división+de+argentina	7767	tigre	Tigre	http://www.espnfc.us/club/tigre/7767/index
2011	1	primera+división+de+argentina	21	velez-sarsfield	Vélez Sarsfield	http://www.espnfc.us/club/velez-sarsfield/21/index
2011	1	primera+división+de+argentina	5	boca-juniors	Boca Juniors	http://www.espnfc.us/club/boca-juniors/5/index
2011	1	primera+división+de+argentina	9786	all-boys	All Boys	http://www.espnfc.us/club/all-boys/9786/index
2011	1	primera+división+de+argentina	14	newells-old-boys	Newell's Old Boys	http://www.espnfc.us/club/newells-old-boys/14/index
2011	1	primera+división+de+argentina	7	colon-de-santa-fe	Colón de Santa Fe	http://www.espnfc.us/club/colon-de-santa-fe/7/index
2011	1	primera+división+de+argentina	3	argentinos-juniors	Argentinos Juniors	http://www.espnfc.us/club/argentinos-juniors/3/index
2011	1	primera+división+de+argentina	8	estudiantes-la-plata	Estudiantes La Plata	http://www.espnfc.us/club/estudiantes-la-plata/8/index
2011	1	primera+división+de+argentina	12	lanus	Lanús	http://www.espnfc.us/club/lanus/12/index
2011	1	primera+división+de+argentina	20	union-de-santa-fe	Unión de Santa Fe	http://www.espnfc.us/club/union-de-santa-fe/20/index
2011	1	primera+división+de+argentina	18	san-lorenzo	San Lorenzo	http://www.espnfc.us/club/san-lorenzo/18/index
2011	1	primera+división+de+argentina	9747	atletico-rafaela	Atletico Rafaela	http://www.espnfc.us/club/atletico-rafaela/9747/index
2011	1	primera+división+de+argentina	4	belgrano-de-cordoba	Belgrano de Córdoba	http://www.espnfc.us/club/belgrano-de-cordoba/4/index
2011	1	primera+división+de+argentina	7845	san-martin-de-san-juan	San Martín de San Juan	http://www.espnfc.us/club/san-martin-de-san-juan/7845/index
2011	1	primera+división+de+argentina	11	independiente	Independiente	http://www.espnfc.us/club/independiente/11/index
2011	1	primera+división+de+argentina	15	racing-club	Racing Club	http://www.espnfc.us/club/racing-club/15/index
2011	1	primera+división+de+argentina	6756	godoy-cruz-de-mendoza	Godoy Cruz de Mendoza	http://www.espnfc.us/club/godoy-cruz-de-mendoza/6756/index
2011	1	primera+división+de+argentina	2636	olimpo-de-bahia-blanca	Olimpo de Bahía Blanca	http://www.espnfc.us/club/olimpo-de-bahia-blanca/2636/index
2011	1	primera+división+de+argentina	235	banfield	Banfield	http://www.espnfc.us/club/banfield/235/index
2011	45	scottish+premiership	256	celtic	Celtic	http://www.espnfc.us/club/celtic/256/index
2011	45	scottish+premiership	257	rangers	Rangers	http://www.espnfc.us/club/rangers/257/index
2011	45	scottish+premiership	266	motherwell	Motherwell	http://www.espnfc.us/club/motherwell/266/index
2011	45	scottish+premiership	264	dundee-united	Dundee United	http://www.espnfc.us/club/dundee-united/264/index
2011	45	scottish+premiership	262	heart-of-midlothian	Heart of Midlothian	http://www.espnfc.us/club/heart-of-midlothian/262/index
2011	45	scottish+premiership	267	st-johnstone	St Johnstone	http://www.espnfc.us/club/st-johnstone/267/index
2011	45	scottish+premiership	260	kilmarnock	Kilmarnock	http://www.espnfc.us/club/kilmarnock/260/index
2011	45	scottish+premiership	250	st-mirren	St Mirren	http://www.espnfc.us/club/st-mirren/250/index
2011	45	scottish+premiership	263	aberdeen	Aberdeen	http://www.espnfc.us/club/aberdeen/263/index
2011	45	scottish+premiership	253	inverness-caledonian-thistle	Inverness Caledonian Thistle	http://www.espnfc.us/club/inverness-caledonian-thistle/253/index
2011	45	scottish+premiership	258	hibernian	Hibernian	http://www.espnfc.us/club/hibernian/258/index
2011	45	scottish+premiership	265	dunfermline-athletic	Dunfermline Athletic	http://www.espnfc.us/club/dunfermline-athletic/265/index
2011	11	dutch+eredivisie	139	ajax-amsterdam	Ajax Amsterdam	http://www.espnfc.us/club/ajax-amsterdam/139/index
2011	11	dutch+eredivisie	142	feyenoord-rotterdam	Feyenoord Rotterdam	http://www.espnfc.us/club/feyenoord-rotterdam/142/index
2011	11	dutch+eredivisie	148	psv-eindhoven	PSV Eindhoven	http://www.espnfc.us/club/psv-eindhoven/148/index
2011	11	dutch+eredivisie	140	az-alkmaar	AZ Alkmaar	http://www.espnfc.us/club/az-alkmaar/140/index
2011	11	dutch+eredivisie	146	heerenveen	Heerenveen	http://www.espnfc.us/club/heerenveen/146/index
2011	11	dutch+eredivisie	152	twente-enschede	Twente Enschede	http://www.espnfc.us/club/twente-enschede/152/index
2011	11	dutch+eredivisie	154	vitesse-arnhem	Vitesse Arnhem	http://www.espnfc.us/club/vitesse-arnhem/154/index
2011	11	dutch+eredivisie	147	nec-nijmegen	NEC Nijmegen	http://www.espnfc.us/club/nec-nijmegen/147/index
2011	11	dutch+eredivisie	155	rkc-waalwijk	RKC Waalwijk	http://www.espnfc.us/club/rkc-waalwijk/155/index
2011	11	dutch+eredivisie	149	roda-jc-kerkrade	Roda JC Kerkrade	http://www.espnfc.us/club/roda-jc-kerkrade/149/index
2011	11	dutch+eredivisie	153	fc-utrecht	FC Utrecht	http://www.espnfc.us/club/fc-utrecht/153/index
2011	11	dutch+eredivisie	3708	sc-heracles-almelo	SC Heracles Almelo	http://www.espnfc.us/club/sc-heracles-almelo/3708/index
2011	11	dutch+eredivisie	141	nac-breda	NAC Breda	http://www.espnfc.us/club/nac-breda/141/index
2011	11	dutch+eredivisie	145	fc-groningen	FC Groningen	http://www.espnfc.us/club/fc-groningen/145/index
2011	11	dutch+eredivisie	2726	ado-den-haag	ADO Den Haag	http://www.espnfc.us/club/ado-den-haag/2726/index
2011	11	dutch+eredivisie	3731	vvv-venlo	VVV Venlo	http://www.espnfc.us/club/vvv-venlo/3731/index
2011	11	dutch+eredivisie	144	de-graafschap	De Graafschap	http://www.espnfc.us/club/de-graafschap/144/index
2011	11	dutch+eredivisie	2566	excelsior	Excelsior	http://www.espnfc.us/club/excelsior/2566/index
2011	14	portuguese+liga	437	fc-porto	FC Porto	http://www.espnfc.us/club/fc-porto/437/index
2011	14	portuguese+liga	1929	benfica	Benfica	http://www.espnfc.us/club/benfica/1929/index
2011	14	portuguese+liga	2994	braga	Braga	http://www.espnfc.us/club/braga/2994/index
2011	14	portuguese+liga	2250	sporting-cp	Sporting CP	http://www.espnfc.us/club/sporting-cp/2250/index
2011	14	portuguese+liga	552	maritimo	Maritimo	http://www.espnfc.us/club/maritimo/552/index
2011	14	portuguese+liga	5309	guimaraes	Guimaraes	http://www.espnfc.us/club/guimaraes/5309/index
2011	14	portuguese+liga	3472	cd-nacional-de-madeira	CD Nacional de Madeira	http://www.espnfc.us/club/cd-nacional-de-madeira/3472/index
2011	14	portuguese+liga	3712	olhanense	Olhanense	http://www.espnfc.us/club/olhanense/3712/index
2011	14	portuguese+liga	3699	gil-vicente	Gil Vicente	http://www.espnfc.us/club/gil-vicente/3699/index
2011	14	portuguese+liga	3713	pacos-de-ferreira	Paços de Ferreira	http://www.espnfc.us/club/pacos-de-ferreira/3713/index
2011	14	portuguese+liga	5308	vitoria-setubal	Vitoria Setubal	http://www.espnfc.us/club/vitoria-setubal/5308/index
2011	14	portuguese+liga	1423	beira-mar	Beira Mar	http://www.espnfc.us/club/beira-mar/1423/index
2011	14	portuguese+liga	3698	academica-de-coimbra	Academica de Coimbra	http://www.espnfc.us/club/academica-de-coimbra/3698/index
2011	14	portuguese+liga	3822	rio-ave	Rio Ave	http://www.espnfc.us/club/rio-ave/3822/index
2011	14	portuguese+liga	3717	feirense	Feirense	http://www.espnfc.us/club/feirense/3717/index
2011	14	portuguese+liga	2724	uniao-leiria	Uniao Leiria	http://www.espnfc.us/club/uniao-leiria/2724/index
2011	18	turkish+super+lig	432	galatasaray	Galatasaray	http://www.espnfc.us/club/galatasaray/432/index
2011	18	turkish+super+lig	436	fenerbahce	Fenerbahce	http://www.espnfc.us/club/fenerbahce/436/index
2011	18	turkish+super+lig	997	trabzonspor	Trabzonspor	http://www.espnfc.us/club/trabzonspor/997/index
2011	18	turkish+super+lig	1895	besiktas	Besiktas	http://www.espnfc.us/club/besiktas/1895/index
2011	18	turkish+super+lig	539	gaziantepspor	Gaziantepspor	http://www.espnfc.us/club/gaziantepspor/539/index
2011	18	turkish+super+lig	3691	sivasspor	Sivasspor	http://www.espnfc.us/club/sivasspor/3691/index
2011	18	turkish+super+lig	601	genclerbirligi	Genclerbirligi	http://www.espnfc.us/club/genclerbirligi/601/index
2011	18	turkish+super+lig	6840	eskisehirspor-k	Eskisehirspor K	http://www.espnfc.us/club/eskisehirspor-k/6840/index
2011	18	turkish+super+lig	7914	istanbul-buyuksehir-bsk	Istanbul Buyuksehir BSK	http://www.espnfc.us/club/istanbul-buyuksehir-bsk/7914/index
2011	18	turkish+super+lig	3643	kayserispor	Kayserispor	http://www.espnfc.us/club/kayserispor/3643/index
2011	18	turkish+super+lig	3837	bursaspor	Bursaspor	http://www.espnfc.us/club/bursaspor/3837/index
2011	18	turkish+super+lig	3795	mersin-idmanyurdu	Mersin Idmanyurdu	http://www.espnfc.us/club/mersin-idmanyurdu/3795/index
2011	18	turkish+super+lig	3794	antalyaspor	Antalyaspor	http://www.espnfc.us/club/antalyaspor/3794/index
2011	18	turkish+super+lig	7649	manisaspor	Manisaspor	http://www.espnfc.us/club/manisaspor/7649/index
2011	18	turkish+super+lig	2429	ankaragucu	Ankaragucu	http://www.espnfc.us/club/ankaragucu/2429/index
2011	106	russian+premier+league	2533	zenit-st-petersburg	Zenit St Petersburg	http://www.espnfc.us/club/zenit-st-petersburg/2533/index
2011	106	russian+premier+league	1941	spartak-moscow	Spartak Moscow	http://www.espnfc.us/club/spartak-moscow/1941/index
2011	106	russian+premier+league	1963	cska-moscow	CSKA Moscow	http://www.espnfc.us/club/cska-moscow/1963/index
2011	106	russian+premier+league	596	dinamo-moscow	Dinamo Moscow	http://www.espnfc.us/club/dinamo-moscow/596/index
2011	106	russian+premier+league	593	anzhi-makhachkala	Anzhi Makhachkala	http://www.espnfc.us/club/anzhi-makhachkala/593/index
2011	106	russian+premier+league	3851	fk-rubin-kazan	FK Rubin Kazan	http://www.espnfc.us/club/fk-rubin-kazan/3851/index
2011	106	russian+premier+league	442	lokomotiv-moscow	Lokomotiv Moscow	http://www.espnfc.us/club/lokomotiv-moscow/442/index
2011	106	russian+premier+league	7425	kuban-krasnodar	Kuban Krasnodar	http://www.espnfc.us/club/kuban-krasnodar/7425/index
2011	106	russian+premier+league	11336	krasnodar	Krasnodar	http://www.espnfc.us/club/krasnodar/11336/index
2011	106	russian+premier+league	3791	fk-amkar-perm	FK Amkar Perm	http://www.espnfc.us/club/fk-amkar-perm/3791/index
2011	106	russian+premier+league	2991	terek-grozny	Terek Grozny	http://www.espnfc.us/club/terek-grozny/2991/index
2011	106	russian+premier+league	3850	krylia-sovetov	Krylia Sovetov	http://www.espnfc.us/club/krylia-sovetov/3850/index
2011	106	russian+premier+league	3852	rostov	Rostov	http://www.espnfc.us/club/rostov/3852/index
2011	106	russian+premier+league	11288	volga-nizhny-novgorod	Volga Nizhny Novgorod	http://www.espnfc.us/club/volga-nizhny-novgorod/11288/index
2011	106	russian+premier+league	4927	fk-tom-tomsk	FK Tom Tomsk	http://www.espnfc.us/club/fk-tom-tomsk/4927/index
2011	106	russian+premier+league	6958	spartak-nalchik	Spartak Nalchik	http://www.espnfc.us/club/spartak-nalchik/6958/index
2011	98	greek+super+league	435	olympiakos	Olympiakos	http://www.espnfc.us/club/olympiakos/435/index
2011	98	greek+super+league	443	panathinaikos	Panathinaikos	http://www.espnfc.us/club/panathinaikos/443/index
2011	98	greek+super+league	605	paok-salonika	PAOK Salonika	http://www.espnfc.us/club/paok-salonika/605/index
2011	98	greek+super+league	6790	atromitos	Atromitos	http://www.espnfc.us/club/atromitos/6790/index
2011	98	greek+super+league	887	aek-athens	AEK Athens	http://www.espnfc.us/club/aek-athens/887/index
2011	98	greek+super+league	8354	asteras-tripoli	Asteras Tripoli	http://www.espnfc.us/club/asteras-tripoli/8354/index
2011	98	greek+super+league	2782	aris-salonika	Aris Salonika	http://www.espnfc.us/club/aris-salonika/2782/index
2011	98	greek+super+league	5276	levadiakos	Levadiakos	http://www.espnfc.us/club/levadiakos/5276/index
2011	98	greek+super+league	1010	ofi-crete	OFI Crete	http://www.espnfc.us/club/ofi-crete/1010/index
2011	98	greek+super+league	2578	fc-xanthi	FC Xanthi	http://www.espnfc.us/club/fc-xanthi/2578/index
2011	98	greek+super+league	2789	panionios	Panionios	http://www.espnfc.us/club/panionios/2789/index
2011	98	greek+super+league	3874	kerkyra	Kerkyra	http://www.espnfc.us/club/kerkyra/3874/index
2011	98	greek+super+league	3881	ergotelis	Ergotelis	http://www.espnfc.us/club/ergotelis/3881/index
2011	6	belgian+jupiler+league	441	anderlecht	Anderlecht	http://www.espnfc.us/club/anderlecht/441/index
2011	6	belgian+jupiler+league	570	club-brugge	Club Brugge	http://www.espnfc.us/club/club-brugge/570/index
2011	6	belgian+jupiler+league	3611	kaa-gent	KAA Gent	http://www.espnfc.us/club/kaa-gent/3611/index
2011	6	belgian+jupiler+league	559	standard-liege	Standard Liege	http://www.espnfc.us/club/standard-liege/559/index
2011	6	belgian+jupiler+league	938	racing-genk	Racing Genk	http://www.espnfc.us/club/racing-genk/938/index
2011	6	belgian+jupiler+league	5786	kv-kortrijk	KV Kortrijk	http://www.espnfc.us/club/kv-kortrijk/5786/index
2011	6	belgian+jupiler+league	3610	cercle-brugge-ksv	Cercle Brugge KSV	http://www.espnfc.us/club/cercle-brugge-ksv/3610/index
2011	6	belgian+jupiler+league	1032	ksc-lokeren	KSC Lokeren	http://www.espnfc.us/club/ksc-lokeren/1032/index
2011	6	belgian+jupiler+league	7879	kv-mechelen	KV Mechelen	http://www.espnfc.us/club/kv-mechelen/7879/index
2011	6	belgian+jupiler+league	3613	raec-bergen-mons	RAEC Bergen Mons	http://www.espnfc.us/club/raec-bergen-mons/3613/index
2011	6	belgian+jupiler+league	991	germinal-beerschot	Germinal Beerschot	http://www.espnfc.us/club/germinal-beerschot/991/index
2011	6	belgian+jupiler+league	3682	lierse-sk	Lierse SK	http://www.espnfc.us/club/lierse-sk/3682/index
2011	6	belgian+jupiler+league	4691	zulte-waregem	Zulte-Waregem	http://www.espnfc.us/club/zulte-waregem/4691/index
2011	6	belgian+jupiler+league	606	kvc-westerlo	KVC Westerlo	http://www.espnfc.us/club/kvc-westerlo/606/index
2011	6	belgian+jupiler+league	936	st-truiden	St. Truiden	http://www.espnfc.us/club/st-truiden/936/index
2011	7	danish+sas-ligaen	3101	fc-nordsjaelland	FC Nordsjaelland	http://www.espnfc.us/club/fc-nordsjaelland/3101/index
2011	7	danish+sas-ligaen	909	fc-copenhagen	FC Copenhagen	http://www.espnfc.us/club/fc-copenhagen/909/index
2011	7	danish+sas-ligaen	572	fc-midtjylland	FC Midtjylland	http://www.espnfc.us/club/fc-midtjylland/572/index
2011	7	danish+sas-ligaen	3585	ac-horsens	AC Horsens	http://www.espnfc.us/club/ac-horsens/3585/index
2011	7	danish+sas-ligaen	7853	agf-aarhus	AGF Aarhus	http://www.espnfc.us/club/agf-aarhus/7853/index
2011	7	danish+sas-ligaen	8118	sonderjyske	Sonderjyske	http://www.espnfc.us/club/sonderjyske/8118/index
2011	7	danish+sas-ligaen	2986	aab	AaB	http://www.espnfc.us/club/aab/2986/index
2011	7	danish+sas-ligaen	607	silkeborg-if	Silkeborg IF	http://www.espnfc.us/club/silkeborg-if/607/index
2011	7	danish+sas-ligaen	575	brondby	Brøndby	http://www.espnfc.us/club/brondby/575/index
2011	7	danish+sas-ligaen	2546	odense-bk	Odense BK	http://www.espnfc.us/club/odense-bk/2546/index
2011	7	danish+sas-ligaen	7860	lyngby	Lyngby	http://www.espnfc.us/club/lyngby/7860/index
2011	7	danish+sas-ligaen	8042	koge	Koge	http://www.espnfc.us/club/koge/8042/index
2011	5	austrian+bundesliga	3694	fc-wacker-tirol	FC Wacker Tirol	http://www.espnfc.us/club/fc-wacker-tirol/3694/index
2011	5	austrian+bundesliga	1382	austria-vienna	Austria Vienna	http://www.espnfc.us/club/austria-vienna/1382/index
2011	5	austrian+bundesliga	519	rapid-vienna	Rapid Vienna	http://www.espnfc.us/club/rapid-vienna/519/index
2011	5	austrian+bundesliga	10380	fc-magna-wr-neustadt	FC Magna Wr. Neustadt	http://www.espnfc.us/club/fc-magna-wr-neustadt/10380/index
2011	5	austrian+bundesliga	3746	sk-sturm-graz	SK Sturm Graz	http://www.espnfc.us/club/sk-sturm-graz/3746/index
2011	5	austrian+bundesliga	3745	sv-mattersburg	SV Mattersburg	http://www.espnfc.us/club/sv-mattersburg/3745/index
2011	5	austrian+bundesliga	2790	fc-salzburg	FC Salzburg	http://www.espnfc.us/club/fc-salzburg/2790/index
2011	5	austrian+bundesliga	3759	sv-josko-ried	SV Josko Ried	http://www.espnfc.us/club/sv-josko-ried/3759/index
2011	16	swedish+allsvenskanliga	535	helsingborg	Helsingborg	http://www.espnfc.us/club/helsingborg/535/index
2011	16	swedish+allsvenskanliga	994	aik	AIK	http://www.espnfc.us/club/aik/994/index
2011	16	swedish+allsvenskanliga	529	elfsborg	Elfsborg	http://www.espnfc.us/club/elfsborg/529/index
2011	16	swedish+allsvenskanliga	2720	malmo-ff	Malmo FF	http://www.espnfc.us/club/malmo-ff/2720/index
2011	16	swedish+allsvenskanliga	8222	gais	GAIS	http://www.espnfc.us/club/gais/8222/index
2011	16	swedish+allsvenskanliga	7834	bk-hacken	BK Hacken	http://www.espnfc.us/club/bk-hacken/7834/index
2011	16	swedish+allsvenskanliga	2556	ifk	IFK	http://www.espnfc.us/club/ifk/2556/index
2011	16	swedish+allsvenskanliga	3052	kalmar-ff	Kalmar FF	http://www.espnfc.us/club/kalmar-ff/3052/index
2011	16	swedish+allsvenskanliga	3634	gefle-if	Gefle IF	http://www.espnfc.us/club/gefle-if/3634/index
2011	16	swedish+allsvenskanliga	8542	mjallby	Mjallby	http://www.espnfc.us/club/mjallby/8542/index
2011	16	swedish+allsvenskanliga	2339	djurgardens-if	Djurgardens IF	http://www.espnfc.us/club/djurgardens-if/2339/index
2011	16	swedish+allsvenskanliga	7944	orebro-sk	Orebro SK	http://www.espnfc.us/club/orebro-sk/7944/index
2011	16	swedish+allsvenskanliga	8544	ifk-norrkoping	IFK Norrkoping	http://www.espnfc.us/club/ifk-norrkoping/8544/index
2011	16	swedish+allsvenskanliga	8138	trelleborgs-ff	Trelleborgs FF	http://www.espnfc.us/club/trelleborgs-ff/8138/index
2011	16	swedish+allsvenskanliga	491	halmstad	Halmstad	http://www.espnfc.us/club/halmstad/491/index
2011	17	swiss+super+league	989	fc-basel	FC Basel	http://www.espnfc.us/club/fc-basel/989/index
2011	17	swiss+super+league	7640	lucerne	Lucerne	http://www.espnfc.us/club/lucerne/7640/index
2011	17	swiss+super+league	2722	young-boys	Young Boys	http://www.espnfc.us/club/young-boys/2722/index
2011	17	swiss+super+league	603	servette	Servette	http://www.espnfc.us/club/servette/603/index
2011	17	swiss+super+league	3024	fc-thun	FC Thun	http://www.espnfc.us/club/fc-thun/3024/index
2011	17	swiss+super+league	3019	fc-zurich	FC Zürich	http://www.espnfc.us/club/fc-zurich/3019/index
2011	17	swiss+super+league	7703	lausanne-sports	Lausanne Sports	http://www.espnfc.us/club/lausanne-sports/7703/index
2011	17	swiss+super+league	492	grasshoppers	Grasshoppers	http://www.espnfc.us/club/grasshoppers/492/index
2011	17	swiss+super+league	7698	neuchatel-xamax	Neuchatel Xamax	http://www.espnfc.us/club/neuchatel-xamax/7698/index
2011	17	swiss+super+league	3076	fc-sion	FC Sion	http://www.espnfc.us/club/fc-sion/3076/index
2011	508	northern+irish+premiership	2555	linfield	Linfield	http://www.espnfc.us/club/linfield/2555/index
2011	508	northern+irish+premiership	2509	portadown	Portadown	http://www.espnfc.us/club/portadown/2509/index
2011	508	northern+irish+premiership	7597	cliftonville	Cliftonville	http://www.espnfc.us/club/cliftonville/7597/index
2011	508	northern+irish+premiership	2723	coleraine	Coleraine	http://www.espnfc.us/club/coleraine/2723/index
2011	508	northern+irish+premiership	7599	crusaders	Crusaders	http://www.espnfc.us/club/crusaders/7599/index
2011	508	northern+irish+premiership	571	glentoran	Glentoran	http://www.espnfc.us/club/glentoran/571/index
2011	508	northern+irish+premiership	7595	ballymena	Ballymena	http://www.espnfc.us/club/ballymena/7595/index
2011	508	northern+irish+premiership	6834	donegal-celtic	Donegal Celtic	http://www.espnfc.us/club/donegal-celtic/6834/index
2011	508	northern+irish+premiership	4926	dungannon-swifts	Dungannon Swifts	http://www.espnfc.us/club/dungannon-swifts/4926/index
2011	508	northern+irish+premiership	573	glenavon	Glenavon	http://www.espnfc.us/club/glenavon/573/index
2011	508	northern+irish+premiership	7600	lisburn-distillery	Lisburn Distillery	http://www.espnfc.us/club/lisburn-distillery/7600/index
2011	116	league+of+ireland+premier+division	2564	shamrock-rovers	Shamrock Rovers	http://www.espnfc.us/club/shamrock-rovers/2564/index
2011	116	league+of+ireland+premier+division	7601	sligo	Sligo	http://www.espnfc.us/club/sligo/7601/index
2011	116	league+of+ireland+premier+division	2712	derry-city	Derry City	http://www.espnfc.us/club/derry-city/2712/index
2011	116	league+of+ireland+premier+division	7588	st-patricks	St Patricks	http://www.espnfc.us/club/st-patricks/7588/index
2011	116	league+of+ireland+premier+division	615	bohemians	Bohemians	http://www.espnfc.us/club/bohemians/615/index
2011	116	league+of+ireland+premier+division	7586	bray	Bray	http://www.espnfc.us/club/bray/7586/index
2011	116	league+of+ireland+premier+division	2559	dundalk	Dundalk	http://www.espnfc.us/club/dundalk/2559/index
2011	116	league+of+ireland+premier+division	7589	ucd	UCD	http://www.espnfc.us/club/ucd/7589/index
2011	116	league+of+ireland+premier+division	6741	drogheda-utd	Drogheda Utd	http://www.espnfc.us/club/drogheda-utd/6741/index
2011	116	league+of+ireland+premier+division	7587	galway-utd	Galway Utd	http://www.espnfc.us/club/galway-utd/7587/index
2011	113	welsh+premier+league	576	tns	T.N.S.	http://www.espnfc.us/club/tns/576/index
2011	113	welsh+premier+league	2560	bangor-city	Bangor City	http://www.espnfc.us/club/bangor-city/2560/index
2011	113	welsh+premier+league	7766	neath	Neath	http://www.espnfc.us/club/neath/7766/index
2011	113	welsh+premier+league	3007	llanelli	Llanelli	http://www.espnfc.us/club/llanelli/3007/index
2011	113	welsh+premier+league	10331	prestatyn-town	Prestatyn Town	http://www.espnfc.us/club/prestatyn-town/10331/index
2011	113	welsh+premier+league	4193	airbus-uk	Airbus UK	http://www.espnfc.us/club/airbus-uk/4193/index
2011	113	welsh+premier+league	7612	aberystwyth	Aberystwyth	http://www.espnfc.us/club/aberystwyth/7612/index
2011	113	welsh+premier+league	7592	port-talbot	Port Talbot	http://www.espnfc.us/club/port-talbot/7592/index
2011	113	welsh+premier+league	4199	afan-lido	Afan Lido	http://www.espnfc.us/club/afan-lido/4199/index
2011	113	welsh+premier+league	5251	carmarthen	Carmarthen	http://www.espnfc.us/club/carmarthen/5251/index
2011	113	welsh+premier+league	4172	newtown	Newtown	http://www.espnfc.us/club/newtown/4172/index
2011	1543	fútbol+profesional+colombiano	4815	atletico-junior	Atlético Junior	http://www.espnfc.us/club/atletico-junior/4815/index
2011	1543	fútbol+profesional+colombiano	2919	once-caldas	Once Caldas	http://www.espnfc.us/club/once-caldas/2919/index
2011	1543	fútbol+profesional+colombiano	5484	millonarios	Millonarios	http://www.espnfc.us/club/millonarios/5484/index
2011	1543	fútbol+profesional+colombiano	5488	independiente-santa-fe	Independiente Santa Fe	http://www.espnfc.us/club/independiente-santa-fe/5488/index
2011	1543	fútbol+profesional+colombiano	5481	envigado	Envigado	http://www.espnfc.us/club/envigado/5481/index
2011	1543	fútbol+profesional+colombiano	5480	boyaca-chico-fc	Boyacá Chicó FC	http://www.espnfc.us/club/boyaca-chico-fc/5480/index
2011	1543	fútbol+profesional+colombiano	9762	rionegro-fc	Rionegro FC	http://www.espnfc.us/club/rionegro-fc/9762/index
2011	1543	fútbol+profesional+colombiano	2690	independiente-medellin	Independiente Medellín	http://www.espnfc.us/club/independiente-medellin/2690/index
2011	1543	fútbol+profesional+colombiano	2679	america-de-cali	América de Cali	http://www.espnfc.us/club/america-de-cali/2679/index
2011	1543	fútbol+profesional+colombiano	5487	deportes-quindio	Deportes Quindío	http://www.espnfc.us/club/deportes-quindio/5487/index
2011	1543	fútbol+profesional+colombiano	5486	deportivo-pereira	Deportivo Pereira	http://www.espnfc.us/club/deportivo-pereira/5486/index
2011	1543	fútbol+profesional+colombiano	2672	deportivo-cali	Deportivo Cali	http://www.espnfc.us/club/deportivo-cali/2672/index
2011	1543	fútbol+profesional+colombiano	5264	atletico-nacional	Atlético Nacional	http://www.espnfc.us/club/atletico-nacional/5264/index
2011	1543	fútbol+profesional+colombiano	5482	atletico-huila	Atlético Huila	http://www.espnfc.us/club/atletico-huila/5482/index
2011	1543	fútbol+profesional+colombiano	5489	deportes-tolima	Deportes Tolima	http://www.espnfc.us/club/deportes-tolima/5489/index
2011	1543	fútbol+profesional+colombiano	5479	real-cartagena	Real Cartagena	http://www.espnfc.us/club/real-cartagena/5479/index
2011	1543	fútbol+profesional+colombiano	7445	la-equidad	La Equidad	http://www.espnfc.us/club/la-equidad/7445/index
2011	1543	fútbol+profesional+colombiano	6101	cucuta-deportivo	Cúcuta Deportivo	http://www.espnfc.us/club/cucuta-deportivo/6101/index
2011	86	primera+división+de+chile	4139	universidad-de-chile	Universidad de Chile	http://www.espnfc.us/club/universidad-de-chile/4139/index
2011	86	primera+división+de+chile	2678	cobreloa	Cobreloa	http://www.espnfc.us/club/cobreloa/2678/index
2011	86	primera+división+de+chile	2688	colo-colo	Colo Colo	http://www.espnfc.us/club/colo-colo/2688/index
2011	86	primera+división+de+chile	4138	audax-italiano	Audax Italiano	http://www.espnfc.us/club/audax-italiano/4138/index
2011	86	primera+división+de+chile	885	universidad-catolica	Universidad Católica	http://www.espnfc.us/club/universidad-catolica/885/index
2011	86	primera+división+de+chile	4137	la-serena	La Serena	http://www.espnfc.us/club/la-serena/4137/index
2011	86	primera+división+de+chile	10144	union-la-calera	Unión La Calera	http://www.espnfc.us/club/union-la-calera/10144/index
2011	86	primera+división+de+chile	4132	union-espanola	Unión Española	http://www.espnfc.us/club/union-espanola/4132/index
2011	86	primera+división+de+chile	4133	cobresal	Cobresal	http://www.espnfc.us/club/cobresal/4133/index
2011	86	primera+división+de+chile	3552	santiago-wanderers	Santiago Wanderers	http://www.espnfc.us/club/santiago-wanderers/3552/index
2011	86	primera+división+de+chile	10142	deportes-iquique	Deportes Iquique	http://www.espnfc.us/club/deportes-iquique/10142/index
2011	86	primera+división+de+chile	5362	universidad-de-concepcion	Universidad de Concepción	http://www.espnfc.us/club/universidad-de-concepcion/5362/index
2011	86	primera+división+de+chile	6073	santiago-morning	Santiago Morning	http://www.espnfc.us/club/santiago-morning/6073/index
2011	86	primera+división+de+chile	4422	palestino	Palestino	http://www.espnfc.us/club/palestino/4422/index
2011	86	primera+división+de+chile	7427	nublense	Ñublense	http://www.espnfc.us/club/nublense/7427/index
2011	86	primera+división+de+chile	6072	ohiggins	O'Higgins	http://www.espnfc.us/club/ohiggins/6072/index
2011	86	primera+división+de+chile	4134	huachipato	Huachipato	http://www.espnfc.us/club/huachipato/4134/index
2011	86	primera+división+de+chile	4130	union-san-felipe	Unión San Felipe	http://www.espnfc.us/club/union-san-felipe/4130/index
2011	1944	primera+a+de+ecuador	2089	deportivo-quito	Deportivo Quito	http://www.espnfc.us/club/deportivo-quito/2089/index
2011	1944	primera+a+de+ecuador	2686	barcelona-sc	Barcelona S.C.	http://www.espnfc.us/club/barcelona-sc/2686/index
2011	1944	primera+a+de+ecuador	882	el-nacional	El Nacional	http://www.espnfc.us/club/el-nacional/882/index
2011	1944	primera+a+de+ecuador	2668	emelec	Emelec	http://www.espnfc.us/club/emelec/2668/index
2011	1944	primera+a+de+ecuador	4816	ldu-quito	LDU Quito	http://www.espnfc.us/club/ldu-quito/4816/index
2011	1944	primera+a+de+ecuador	4812	club-deportivo-cuenca	Club Deportivo Cuenca	http://www.espnfc.us/club/club-deportivo-cuenca/4812/index
2011	1944	primera+a+de+ecuador	10391	independiente-teran	Independiente Terán	http://www.espnfc.us/club/independiente-teran/10391/index
2011	1944	primera+a+de+ecuador	4819	olmedo	Olmedo	http://www.espnfc.us/club/olmedo/4819/index
2011	1944	primera+a+de+ecuador	10307	manta-fc	Manta F.C.	http://www.espnfc.us/club/manta-fc/10307/index
2011	1944	primera+a+de+ecuador	7422	imbabura	Imbabura	http://www.espnfc.us/club/imbabura/7422/index
2011	1944	primera+a+de+ecuador	6018	liga-de-loja	Liga de Loja	http://www.espnfc.us/club/liga-de-loja/6018/index
2011	1944	primera+a+de+ecuador	6126	espoli	Espoli	http://www.espnfc.us/club/espoli/6126/index
2011	1813	primera+profesional+de+perú	9446	juan-aurich	Juan Aurich	http://www.espnfc.us/club/juan-aurich/9446/index
2011	1813	primera+profesional+de+perú	2680	alianza-lima	Alianza Lima	http://www.espnfc.us/club/alianza-lima/2680/index
2011	1813	primera+profesional+de+perú	10318	sport-huancayo	Sport Huancayo	http://www.espnfc.us/club/sport-huancayo/10318/index
2011	1813	primera+profesional+de+perú	3359	san-martin	San Martin	http://www.espnfc.us/club/san-martin/3359/index
2011	1813	primera+profesional+de+perú	10116	ayacucho-fc	Ayacucho FC	http://www.espnfc.us/club/ayacucho-fc/10116/index
2011	1813	primera+profesional+de+perú	4814	club-sportivo-cienciano	Club Sportivo Cienciano	http://www.espnfc.us/club/club-sportivo-cienciano/4814/index
2011	1813	primera+profesional+de+perú	10360	cobresol	Cobresol	http://www.espnfc.us/club/cobresol/10360/index
2011	1813	primera+profesional+de+perú	2673	sporting-cristal	Sporting Cristal	http://www.espnfc.us/club/sporting-cristal/2673/index
2011	1813	primera+profesional+de+perú	5570	sport-boys	Sport Boys	http://www.espnfc.us/club/sport-boys/5570/index
2011	1813	primera+profesional+de+perú	5568	melgar-fbc	Melgar FBC	http://www.espnfc.us/club/melgar-fbc/5568/index
2011	1813	primera+profesional+de+perú	2685	universitario-de-deportes	Universitario de Deportes	http://www.espnfc.us/club/universitario-de-deportes/2685/index
2011	1813	primera+profesional+de+perú	5567	cesar-vallejo	César Vallejo	http://www.espnfc.us/club/cesar-vallejo/5567/index
2011	1813	primera+profesional+de+perú	10317	colegio-nacional-de-iquitos	Colegio Nacional de Iquitos	http://www.espnfc.us/club/colegio-nacional-de-iquitos/10317/index
2011	1813	primera+profesional+de+perú	5267	alianza-atletico	Alianza Atlético	http://www.espnfc.us/club/alianza-atletico/5267/index
2011	1892	primera+división+de+paraguay	2675	olimpia	Olimpia	http://www.espnfc.us/club/olimpia/2675/index
2011	1892	primera+división+de+paraguay	2671	cerro-porteno	Cerro Porteño	http://www.espnfc.us/club/cerro-porteno/2671/index
2011	1892	primera+división+de+paraguay	2670	libertad	Libertad	http://www.espnfc.us/club/libertad/2670/index
2011	1892	primera+división+de+paraguay	5584	nacional	Nacional	http://www.espnfc.us/club/nacional/5584/index
2011	1892	primera+división+de+paraguay	4820	tacuary	Tacuary	http://www.espnfc.us/club/tacuary/4820/index
2011	1892	primera+división+de+paraguay	10378	independiente-cg	Independiente CG	http://www.espnfc.us/club/independiente-cg/10378/index
2011	1892	primera+división+de+paraguay	7465	sol-de-america	Sol de América	http://www.espnfc.us/club/sol-de-america/7465/index
2011	1892	primera+división+de+paraguay	10080	rubio-nu	Rubio Ñú	http://www.espnfc.us/club/rubio-nu/10080/index
2011	1892	primera+división+de+paraguay	5265	guarani	Guaraní	http://www.espnfc.us/club/guarani/5265/index
2011	1892	primera+división+de+paraguay	5582	general-caballero	General Caballero	http://www.espnfc.us/club/general-caballero/5582/index
2011	1892	primera+división+de+paraguay	5581	3-de-febrero	3 de Febrero	http://www.espnfc.us/club/3-de-febrero/5581/index
2011	1892	primera+división+de+paraguay	5583	sportivo-luqueno	Sportivo Luqueño	http://www.espnfc.us/club/sportivo-luqueno/5583/index
2011	1592	primera+división+de+uruguay	1007	defensor-sporting	Defensor Sporting	http://www.espnfc.us/club/defensor-sporting/1007/index
2011	1592	primera+división+de+uruguay	2684	nacional	Nacional	http://www.espnfc.us/club/nacional/2684/index
2011	1592	primera+división+de+uruguay	5492	liverpool	Liverpool	http://www.espnfc.us/club/liverpool/5492/index
2011	1592	primera+división+de+uruguay	2683	penarol	Peñarol	http://www.espnfc.us/club/penarol/2683/index
2011	1592	primera+división+de+uruguay	9902	cerro-largo	Cerro Largo	http://www.espnfc.us/club/cerro-largo/9902/index
2011	1592	primera+división+de+uruguay	5501	wanderers	Wanderers	http://www.espnfc.us/club/wanderers/5501/index
2011	1592	primera+división+de+uruguay	5498	river-plate	River Plate	http://www.espnfc.us/club/river-plate/5498/index
2011	1592	primera+división+de+uruguay	4817	danubio-fc	Danubio F.C.	http://www.espnfc.us/club/danubio-fc/4817/index
2011	1592	primera+división+de+uruguay	6155	bella-vista	Bella Vista	http://www.espnfc.us/club/bella-vista/6155/index
2011	1592	primera+división+de+uruguay	9903	racing-u	Racing (U)	http://www.espnfc.us/club/racing-u/9903/index
2011	1592	primera+división+de+uruguay	5496	rampla-juniors	Rampla Juniors	http://www.espnfc.us/club/rampla-juniors/5496/index
2011	1592	primera+división+de+uruguay	10002	el-tanque-sisley	El Tanque Sisley	http://www.espnfc.us/club/el-tanque-sisley/10002/index
2011	1592	primera+división+de+uruguay	5490	cerro	Cerro	http://www.espnfc.us/club/cerro/5490/index
2011	1592	primera+división+de+uruguay	4726	cerrito	Cerrito	http://www.espnfc.us/club/cerrito/4726/index
2011	1592	primera+división+de+uruguay	2689	fenix	Fénix	http://www.espnfc.us/club/fenix/2689/index
2011	1592	primera+división+de+uruguay	5497	rentistas	Rentistas	http://www.espnfc.us/club/rentistas/5497/index
2011	1947	primera+división+de+venezuela	4810	ac-mineros	A.C. Mineros	http://www.espnfc.us/club/ac-mineros/4810/index
2011	1947	primera+división+de+venezuela	8203	deportivo-anzoategui	Deportivo Anzoategui	http://www.espnfc.us/club/deportivo-anzoategui/8203/index
2011	1947	primera+división+de+venezuela	4811	caracas-fc	Caracas F.C.	http://www.espnfc.us/club/caracas-fc/4811/index
2011	1947	primera+división+de+venezuela	9789	zulia	Zulia	http://www.espnfc.us/club/zulia/9789/index
2011	1947	primera+división+de+venezuela	7915	llaneros	Llaneros	http://www.espnfc.us/club/llaneros/7915/index
2011	1947	primera+división+de+venezuela	6763	zamora	Zamora	http://www.espnfc.us/club/zamora/6763/index
2011	1947	primera+división+de+venezuela	5268	trujillanos	Trujillanos	http://www.espnfc.us/club/trujillanos/5268/index
2011	1947	primera+división+de+venezuela	6036	aragua	Aragua	http://www.espnfc.us/club/aragua/6036/index
2011	1947	primera+división+de+venezuela	6037	carabobo	Carabobo	http://www.espnfc.us/club/carabobo/6037/index
2011	1947	primera+división+de+venezuela	4818	deportivo-tachira	Deportivo Táchira	http://www.espnfc.us/club/deportivo-tachira/4818/index
2011	1947	primera+división+de+venezuela	6038	estudiantes-de-merida	Estudiantes de Mérida	http://www.espnfc.us/club/estudiantes-de-merida/6038/index
2011	1947	primera+división+de+venezuela	6041	monagas-sc	Monagas SC	http://www.espnfc.us/club/monagas-sc/6041/index
2011	1947	primera+división+de+venezuela	10096	yaracuyanos	Yaracuyanos	http://www.espnfc.us/club/yaracuyanos/10096/index
2011	1947	primera+división+de+venezuela	10092	real-espor	Real Espor	http://www.espnfc.us/club/real-espor/10092/index
2011	1947	primera+división+de+venezuela	7918	atletico-vigia	Atlético Vigía	http://www.espnfc.us/club/atletico-vigia/7918/index
2011	25	english+league+one	372	charlton-athletic	Charlton Athletic	http://www.espnfc.us/club/charlton-athletic/372/index
2011	25	english+league+one	399	sheffield-wednesday	Sheffield Wednesday	http://www.espnfc.us/club/sheffield-wednesday/399/index
2011	25	english+league+one	398	sheffield-united	Sheffield United	http://www.espnfc.us/club/sheffield-united/398/index
2011	25	english+league+one	335	huddersfield-town	Huddersfield Town	http://www.espnfc.us/club/huddersfield-town/335/index
2011	25	english+league+one	390	milton-keynes-dons	Milton Keynes Dons	http://www.espnfc.us/club/milton-keynes-dons/390/index
2011	25	english+league+one	285	stevenage	Stevenage	http://www.espnfc.us/club/stevenage/285/index
2011	25	english+league+one	340	notts-county	Notts County	http://www.espnfc.us/club/notts-county/340/index
2011	25	english+league+one	322	carlisle-united	Carlisle United	http://www.espnfc.us/club/carlisle-united/322/index
2011	25	english+league+one	337	brentford	Brentford	http://www.espnfc.us/club/brentford/337/index
2011	25	english+league+one	339	colchester-united	Colchester United	http://www.espnfc.us/club/colchester-united/339/index
2011	25	english+league+one	349	afc-bournemouth	AFC Bournemouth	http://www.espnfc.us/club/afc-bournemouth/349/index
2011	25	english+league+one	345	tranmere-rovers	Tranmere Rovers	http://www.espnfc.us/club/tranmere-rovers/345/index
2011	25	english+league+one	323	hartlepool-united	Hartlepool United	http://www.espnfc.us/club/hartlepool-united/323/index
2011	25	english+league+one	354	bury	Bury	http://www.espnfc.us/club/bury/354/index
2011	25	english+league+one	394	preston-north-end	Preston North End	http://www.espnfc.us/club/preston-north-end/394/index
2011	25	english+league+one	332	oldham-athletic	Oldham Athletic	http://www.espnfc.us/club/oldham-athletic/332/index
2011	25	english+league+one	284	yeovil-town	Yeovil Town	http://www.espnfc.us/club/yeovil-town/284/index
2011	25	english+league+one	313	scunthorpe-united	Scunthorpe United	http://www.espnfc.us/club/scunthorpe-united/313/index
2011	25	english+league+one	401	walsall	Walsall	http://www.espnfc.us/club/walsall/401/index
2011	25	english+league+one	309	leyton-orient	Leyton Orient	http://www.espnfc.us/club/leyton-orient/309/index
2011	25	english+league+one	344	wycombe-wanderers	Wycombe Wanderers	http://www.espnfc.us/club/wycombe-wanderers/344/index
2011	25	english+league+one	343	chesterfield	Chesterfield	http://www.espnfc.us/club/chesterfield/343/index
2011	25	english+league+one	324	exeter-city	Exeter City	http://www.espnfc.us/club/exeter-city/324/index
2011	25	english+league+one	303	rochdale	Rochdale	http://www.espnfc.us/club/rochdale/303/index
2011	26	english+league+two	341	swindon-town	Swindon Town	http://www.espnfc.us/club/swindon-town/341/index
2011	26	english+league+two	302	shrewsbury-town	Shrewsbury Town	http://www.espnfc.us/club/shrewsbury-town/302/index
2011	26	english+league+two	2594	crawley-town	Crawley Town	http://www.espnfc.us/club/crawley-town/2594/index
2011	26	english+league+two	310	southend-united	Southend United	http://www.espnfc.us/club/southend-united/310/index
2011	26	english+league+two	321	torquay-united	Torquay United	http://www.espnfc.us/club/torquay-united/321/index
2011	26	english+league+two	320	cheltenham-town	Cheltenham Town	http://www.espnfc.us/club/cheltenham-town/320/index
2011	26	english+league+two	396	crewe-alexandra	Crewe Alexandra	http://www.espnfc.us/club/crewe-alexandra/396/index
2011	26	english+league+two	389	gillingham	Gillingham	http://www.espnfc.us/club/gillingham/389/index
2011	26	english+league+two	311	oxford-united	Oxford United	http://www.espnfc.us/club/oxford-united/311/index
2011	26	english+league+two	402	rotherham-united	Rotherham United	http://www.espnfc.us/club/rotherham-united/402/index
2011	26	english+league+two	632	aldershot-town	Aldershot Town	http://www.espnfc.us/club/aldershot-town/632/index
2011	26	english+league+two	348	port-vale	Port Vale	http://www.espnfc.us/club/port-vale/348/index
2011	26	english+league+two	308	bristol-rovers	Bristol Rovers	http://www.espnfc.us/club/bristol-rovers/308/index
2011	26	english+league+two	2731	accrington-stanley	Accrington Stanley	http://www.espnfc.us/club/accrington-stanley/2731/index
2011	26	english+league+two	278	morecambe	Morecambe	http://www.espnfc.us/club/morecambe/278/index
2011	26	english+league+two	3802	afc-wimbledon	AFC Wimbledon	http://www.espnfc.us/club/afc-wimbledon/3802/index
2011	26	english+league+two	2567	burton-albion	Burton Albion	http://www.espnfc.us/club/burton-albion/2567/index
2011	26	english+league+two	387	bradford-city	Bradford City	http://www.espnfc.us/club/bradford-city/387/index
2011	26	english+league+two	275	dagenham-and-redbridge	Dagenham & Redbridge	http://www.espnfc.us/club/dagenham-and-redbridge/275/index
2011	26	english+league+two	353	northampton-town	Northampton Town	http://www.espnfc.us/club/northampton-town/353/index
2011	26	english+league+two	307	plymouth-argyle	Plymouth Argyle	http://www.espnfc.us/club/plymouth-argyle/307/index
2011	26	english+league+two	280	barnet	Barnet	http://www.espnfc.us/club/barnet/280/index
2011	26	english+league+two	287	hereford-united	Hereford United	http://www.espnfc.us/club/hereford-united/287/index
2011	26	english+league+two	316	macclesfield-town	Macclesfield Town	http://www.espnfc.us/club/macclesfield-town/316/index
2011	96	french+ligue+2	173	bastia	Bastia	http://www.espnfc.us/club/bastia/173/index
2011	96	french+ligue+2	3243	stade-de-reims	Stade de Reims	http://www.espnfc.us/club/stade-de-reims/3243/index
2011	96	french+ligue+2	170	troyes	Troyes	http://www.espnfc.us/club/troyes/170/index
2011	96	french+ligue+2	168	sedan	Sedan	http://www.espnfc.us/club/sedan/168/index
2011	96	french+ligue+2	3171	clermont-foot	Clermont Foot	http://www.espnfc.us/club/clermont-foot/3171/index
2011	96	french+ligue+2	6992	tours	Tours	http://www.espnfc.us/club/tours/6992/index
2011	96	french+ligue+2	171	guingamp	Guingamp	http://www.espnfc.us/club/guingamp/171/index
2011	96	french+ligue+2	174	as-monaco	AS Monaco	http://www.espnfc.us/club/as-monaco/174/index
2011	96	french+ligue+2	165	nantes	Nantes	http://www.espnfc.us/club/nantes/165/index
2011	96	french+ligue+2	3207	fc-istres	FC Istres	http://www.espnfc.us/club/fc-istres/3207/index
2011	96	french+ligue+2	7868	angers	Angers	http://www.espnfc.us/club/angers/7868/index
2011	96	french+ligue+2	175	lens	Lens	http://www.espnfc.us/club/lens/175/index
2011	96	french+ligue+2	10373	arles	Arles	http://www.espnfc.us/club/arles/10373/index
2011	96	french+ligue+2	2995	chateauroux	Chateauroux	http://www.espnfc.us/club/chateauroux/2995/index
2011	96	french+ligue+2	3236	le-havre-ac	Le Havre AC	http://www.espnfc.us/club/le-havre-ac/3236/index
2011	96	french+ligue+2	3266	stade-laval	Stade Laval	http://www.espnfc.us/club/stade-laval/3266/index
2011	96	french+ligue+2	2697	le-mans	Le Mans	http://www.espnfc.us/club/le-mans/2697/index
2011	96	french+ligue+2	177	metz	Metz	http://www.espnfc.us/club/metz/177/index
2011	96	french+ligue+2	7869	boulogne	Boulogne	http://www.espnfc.us/club/boulogne/7869/index
2011	96	french+ligue+2	3335	sc-amiens	SC Amiens	http://www.espnfc.us/club/sc-amiens/3335/index
2011	97	german+2.+bundesliga	3070	spvgg-greuther-furth	SpVgg Greuther Furth	http://www.espnfc.us/club/spvgg-greuther-furth/3070/index
2011	97	german+2.+bundesliga	125	eintracht-frankfurt	Eintracht Frankfurt	http://www.espnfc.us/club/eintracht-frankfurt/125/index
2011	97	german+2.+bundesliga	9707	fortuna-dusseldorf	Fortuna Düsseldorf	http://www.espnfc.us/club/fortuna-dusseldorf/9707/index
2011	97	german+2.+bundesliga	270	st-pauli	St Pauli	http://www.espnfc.us/club/st-pauli/270/index
2011	97	german+2.+bundesliga	3307	sc-paderborn-07	SC Paderborn 07	http://www.espnfc.us/club/sc-paderborn-07/3307/index
2011	97	german+2.+bundesliga	135	tsv-1860-munich	TSV 1860 Munich	http://www.espnfc.us/club/tsv-1860-munich/135/index
2011	97	german+2.+bundesliga	598	fc-union-berlin	FC Union Berlin	http://www.espnfc.us/club/fc-union-berlin/598/index
2011	97	german+2.+bundesliga	3067	tsv-eintracht-braunschweig	TSV Eintracht Braunschweig	http://www.espnfc.us/club/tsv-eintracht-braunschweig/3067/index
2011	97	german+2.+bundesliga	7017	dynamo-dresden	Dynamo Dresden	http://www.espnfc.us/club/dynamo-dresden/7017/index
2011	97	german+2.+bundesliga	3308	msv-duisburg	MSV Duisburg	http://www.espnfc.us/club/msv-duisburg/3308/index
2011	97	german+2.+bundesliga	121	vfl-bochum	VfL Bochum	http://www.espnfc.us/club/vfl-bochum/121/index
2011	97	german+2.+bundesliga	6367	fc-ingolstadt-04	FC Ingolstadt 04	http://www.espnfc.us/club/fc-ingolstadt-04/6367/index
2011	97	german+2.+bundesliga	6608	fsv-frankfurt	FSV Frankfurt	http://www.espnfc.us/club/fsv-frankfurt/6608/index
2011	97	german+2.+bundesliga	123	energie-cottbus	Energie Cottbus	http://www.espnfc.us/club/energie-cottbus/123/index
2011	97	german+2.+bundesliga	3849	fc-erzgebirge-aue	FC Erzgebirge Aue	http://www.espnfc.us/club/fc-erzgebirge-aue/3849/index
2011	97	german+2.+bundesliga	4471	karlsruher-sc	Karlsruher SC	http://www.espnfc.us/club/karlsruher-sc/4471/index
2011	97	german+2.+bundesliga	2997	alemannia-aachen	Alemannia Aachen	http://www.espnfc.us/club/alemannia-aachen/2997/index
2011	97	german+2.+bundesliga	128	hansa-rostock	Hansa Rostock	http://www.espnfc.us/club/hansa-rostock/128/index
2011	99	italian+serie+b	3290	us-pescara	US Pescara	http://www.espnfc.us/club/us-pescara/3290/index
2011	99	italian+serie+b	239	torino	Torino	http://www.espnfc.us/club/torino/239/index
2011	99	italian+serie+b	3997	sassuolo	Sassuolo	http://www.espnfc.us/club/sassuolo/3997/index
2011	99	italian+serie+b	119	hellas-verona	Hellas Verona	http://www.espnfc.us/club/hellas-verona/119/index
2011	99	italian+serie+b	9346	varese	Varese	http://www.espnfc.us/club/varese/9346/index
2011	99	italian+serie+b	2734	sampdoria	Sampdoria	http://www.espnfc.us/club/sampdoria/2734/index
2011	99	italian+serie+b	3952	padova	Padova	http://www.espnfc.us/club/padova/3952/index
2011	99	italian+serie+b	108	brescia	Brescia	http://www.espnfc.us/club/brescia/108/index
2011	99	italian+serie+b	3975	juve-stabia	Juve Stabia	http://www.espnfc.us/club/juve-stabia/3975/index
2011	99	italian+serie+b	117	reggina	Reggina	http://www.espnfc.us/club/reggina/117/index
2011	99	italian+serie+b	3173	crotone	Crotone	http://www.espnfc.us/club/crotone/3173/index
2011	99	italian+serie+b	2573	modena	Modena	http://www.espnfc.us/club/modena/2573/index
2011	99	italian+serie+b	106	bari	Bari	http://www.espnfc.us/club/bari/106/index
2011	99	italian+serie+b	3955	grosseto	Grosseto	http://www.espnfc.us/club/grosseto/3955/index
2011	99	italian+serie+b	3346	ascoli	Ascoli	http://www.espnfc.us/club/ascoli/3346/index
2011	99	italian+serie+b	3943	cittadella	Cittadella	http://www.espnfc.us/club/cittadella/3943/index
2011	99	italian+serie+b	2926	livorno	Livorno	http://www.espnfc.us/club/livorno/2926/index
2011	99	italian+serie+b	2574	empoli	Empoli	http://www.espnfc.us/club/empoli/2574/index
2011	99	italian+serie+b	120	vicenza	Vicenza	http://www.espnfc.us/club/vicenza/120/index
2011	99	italian+serie+b	3999	nocerina	Nocerina	http://www.espnfc.us/club/nocerina/3999/index
2011	99	italian+serie+b	4005	gubbio	Gubbio	http://www.espnfc.us/club/gubbio/4005/index
2011	99	italian+serie+b	3291	albinoleffe	Albinoleffe	http://www.espnfc.us/club/albinoleffe/3291/index
2011	2199	japanese+j+league	7476	kashiwa-reysol	Kashiwa Reysol	http://www.espnfc.us/club/kashiwa-reysol/7476/index
2011	2199	japanese+j+league	7108	nagoya-grampus	Nagoya Grampus	http://www.espnfc.us/club/nagoya-grampus/7108/index
2011	2199	japanese+j+league	7102	gamba-osaka	Gamba Osaka	http://www.espnfc.us/club/gamba-osaka/7102/index
2011	2199	japanese+j+league	6918	vegalta-sendai	Vegalta Sendai	http://www.espnfc.us/club/vegalta-sendai/6918/index
2011	2199	japanese+j+league	7116	yokohama-f-marinos	Yokohama F. Marinos	http://www.espnfc.us/club/yokohama-f-marinos/7116/index
2011	2199	japanese+j+league	7115	kashima-antlers	Kashima Antlers	http://www.espnfc.us/club/kashima-antlers/7115/index
2011	2199	japanese+j+league	7114	sanfrecce-hiroshima	Sanfrecce Hiroshima	http://www.espnfc.us/club/sanfrecce-hiroshima/7114/index
2011	2199	japanese+j+league	7106	jubilo-iwata	Jubilo Iwata	http://www.espnfc.us/club/jubilo-iwata/7106/index
2011	2199	japanese+j+league	7477	vissel-kobe	Vissel Kobe	http://www.espnfc.us/club/vissel-kobe/7477/index
2011	2199	japanese+j+league	7104	shimizu-s-pulse	Shimizu S-Pulse	http://www.espnfc.us/club/shimizu-s-pulse/7104/index
2011	2199	japanese+j+league	7112	kawasaki-frontale	Kawasaki Frontale	http://www.espnfc.us/club/kawasaki-frontale/7112/index
2011	2199	japanese+j+league	7109	cerezo-osaka	Cerezo Osaka	http://www.espnfc.us/club/cerezo-osaka/7109/index
2011	2199	japanese+j+league	7110	omiya-ardija	Omiya Ardija	http://www.espnfc.us/club/omiya-ardija/7110/index
2011	2199	japanese+j+league	7113	albirex-niigata	Albirex Niigata	http://www.espnfc.us/club/albirex-niigata/7113/index
2011	2199	japanese+j+league	3385	urawa-red-diamonds	Urawa Red Diamonds	http://www.espnfc.us/club/urawa-red-diamonds/3385/index
2011	2199	japanese+j+league	7103	ventforet-kofu	Ventforet Kofu	http://www.espnfc.us/club/ventforet-kofu/7103/index
2011	2199	japanese+j+league	7107	avispa-fukuoka	Avispa Fukuoka	http://www.espnfc.us/club/avispa-fukuoka/7107/index
2011	2199	japanese+j+league	6915	montedio-yamagata	Montedio Yamagata	http://www.espnfc.us/club/montedio-yamagata/6915/index
2011	2306	ascenso+mx	10127	leon	León	http://www.espnfc.us/club/leon/10127/index
2011	2306	ascenso+mx	10124	venados-fc	Venados FC	http://www.espnfc.us/club/venados-fc/10124/index
2011	2306	ascenso+mx	229	necaxa	Necaxa	http://www.espnfc.us/club/necaxa/229/index
2011	2306	ascenso+mx	8814	lobos-buap	Lobos BUAP	http://www.espnfc.us/club/lobos-buap/8814/index
2011	2306	ascenso+mx	10129	u-de-g	U. de G.	http://www.espnfc.us/club/u-de-g/10129/index
2011	2306	ascenso+mx	8931	correcaminos	Correcaminos	http://www.espnfc.us/club/correcaminos/8931/index
2011	2306	ascenso+mx	2972	la-piedad	La Piedad	http://www.espnfc.us/club/la-piedad/2972/index
2011	2306	ascenso+mx	10126	irapuato	Irapuato	http://www.espnfc.us/club/irapuato/10126/index
2011	2306	ascenso+mx	3432	dorados-de-sinaloa	Dorados de Sinaloa	http://www.espnfc.us/club/dorados-de-sinaloa/3432/index
2011	2306	ascenso+mx	9370	pumas-morelos	Pumas Morelos	http://www.espnfc.us/club/pumas-morelos/9370/index
2011	2306	ascenso+mx	2569	veracruz	Veracruz	http://www.espnfc.us/club/veracruz/2569/index
2011	2306	ascenso+mx	9371	cruz-azul-hidalgo	Cruz Azul Hidalgo	http://www.espnfc.us/club/cruz-azul-hidalgo/9371/index
2011	2306	ascenso+mx	9965	abc	ABC	http://www.espnfc.us/club/abc/9965/index
2011	13	norwegian+tippeligaen	602	odds-bk	Odds BK	http://www.espnfc.us/club/odds-bk/602/index
2011	13	norwegian+tippeligaen	438	rosenborg	Rosenborg	http://www.espnfc.us/club/rosenborg/438/index
2011	13	norwegian+tippeligaen	2715	molde	Molde	http://www.espnfc.us/club/molde/2715/index
2011	13	norwegian+tippeligaen	2791	valerenga	Valerenga	http://www.espnfc.us/club/valerenga/2791/index
2011	13	norwegian+tippeligaen	3327	haugesund	Haugesund	http://www.espnfc.us/club/haugesund/3327/index
2011	13	norwegian+tippeligaen	5270	tromso	Tromso	http://www.espnfc.us/club/tromso/5270/index
2011	13	norwegian+tippeligaen	510	viking-fk	Viking FK	http://www.espnfc.us/club/viking-fk/510/index
2011	13	norwegian+tippeligaen	3049	sogndal	Sogndal	http://www.espnfc.us/club/sogndal/3049/index
2011	13	norwegian+tippeligaen	620	sk-brann	SK Brann	http://www.espnfc.us/club/sk-brann/620/index
2011	13	norwegian+tippeligaen	9811	stromsgodset	Stromsgodset	http://www.espnfc.us/club/stromsgodset/9811/index
2011	13	norwegian+tippeligaen	3278	aalesund	Aalesund	http://www.espnfc.us/club/aalesund/3278/index
2011	13	norwegian+tippeligaen	2554	stabaek	Stabaek	http://www.espnfc.us/club/stabaek/2554/index
2011	13	norwegian+tippeligaen	3039	fredrikstad	Fredrikstad	http://www.espnfc.us/club/fredrikstad/3039/index
2011	13	norwegian+tippeligaen	987	lillestrom	Lillestrom	http://www.espnfc.us/club/lillestrom/987/index
2011	13	norwegian+tippeligaen	6750	ik-start	IK Start	http://www.espnfc.us/club/ik-start/6750/index
2011	13	norwegian+tippeligaen	5002	sarpsborg-fk	Sarpsborg FK	http://www.espnfc.us/club/sarpsborg-fk/5002/index
2011	27	english+national+league	3891	fleetwood-town	Fleetwood Town	http://www.espnfc.us/club/fleetwood-town/3891/index
2011	27	english+national+league	352	wrexham	Wrexham	http://www.espnfc.us/club/wrexham/352/index
2011	27	english+national+league	304	mansfield-town	Mansfield Town	http://www.espnfc.us/club/mansfield-town/304/index
2011	27	english+national+league	315	york-city	York City	http://www.espnfc.us/club/york-city/315/index
2011	27	english+national+league	301	luton-town	Luton Town	http://www.espnfc.us/club/luton-town/301/index
2011	27	english+national+league	319	kidderminster-harriers	Kidderminster Harriers	http://www.espnfc.us/club/kidderminster-harriers/319/index
2011	27	english+national+league	286	southport	Southport	http://www.espnfc.us/club/southport/286/index
2011	27	english+national+league	3138	gateshead	Gateshead	http://www.espnfc.us/club/gateshead/3138/index
2011	27	english+national+league	351	cambridge-united	Cambridge United	http://www.espnfc.us/club/cambridge-united/351/index
2011	27	english+national+league	282	forest-green-rovers	Forest Green Rovers	http://www.espnfc.us/club/forest-green-rovers/282/index
2011	27	english+national+league	386	grimsby-town	Grimsby Town	http://www.espnfc.us/club/grimsby-town/386/index
2011	27	english+national+league	3828	braintree-town	Braintree Town	http://www.espnfc.us/club/braintree-town/3828/index
2011	27	english+national+league	642	barrow	Barrow	http://www.espnfc.us/club/barrow/642/index
2011	27	english+national+league	640	ebbsfleet-united	Ebbsfleet United	http://www.espnfc.us/club/ebbsfleet-united/640/index
2011	27	english+national+league	3165	alfreton-town	Alfreton Town	http://www.espnfc.us/club/alfreton-town/3165/index
2011	27	english+national+league	400	stockport-county	Stockport County	http://www.espnfc.us/club/stockport-county/400/index
2011	27	english+national+league	314	lincoln-city	Lincoln City	http://www.espnfc.us/club/lincoln-city/314/index
2011	27	english+national+league	645	tamworth	Tamworth	http://www.espnfc.us/club/tamworth/645/index
2011	27	english+national+league	635	newport-county	Newport County	http://www.espnfc.us/club/newport-county/635/index
2011	27	english+national+league	10183	afc-telford-united	AFC Telford United	http://www.espnfc.us/club/afc-telford-united/10183/index
2011	27	english+national+league	10381	hayes-and-yeading	Hayes & Yeading	http://www.espnfc.us/club/hayes-and-yeading/10381/index
2011	27	english+national+league	305	darlington	Darlington	http://www.espnfc.us/club/darlington/305/index
2011	27	english+national+league	4472	bath	Bath	http://www.espnfc.us/club/bath/4472/index
2011	27	english+national+league	641	kettering-town	Kettering Town	http://www.espnfc.us/club/kettering-town/641/index
2011	46	scottish+championship	251	ross-county	Ross County	http://www.espnfc.us/club/ross-county/251/index
2011	46	scottish+championship	261	dundee	Dundee	http://www.espnfc.us/club/dundee/261/index
2011	46	scottish+championship	254	falkirk	Falkirk	http://www.espnfc.us/club/falkirk/254/index
2011	46	scottish+championship	409	hamilton-academical	Hamilton Academical	http://www.espnfc.us/club/hamilton-academical/409/index
2011	46	scottish+championship	259	livingston	Livingston	http://www.espnfc.us/club/livingston/259/index
2011	46	scottish+championship	247	partick-thistle	Partick Thistle	http://www.espnfc.us/club/partick-thistle/247/index
2011	46	scottish+championship	249	raith-rovers	Raith Rovers	http://www.espnfc.us/club/raith-rovers/249/index
2011	46	scottish+championship	411	greenock-morton	Greenock Morton	http://www.espnfc.us/club/greenock-morton/411/index
2011	46	scottish+championship	248	ayr-united	Ayr United	http://www.espnfc.us/club/ayr-united/248/index
2011	46	scottish+championship	406	queen-of-the-south	Queen of the South	http://www.espnfc.us/club/queen-of-the-south/406/index
2011	47	scottish+league+one	410	cowdenbeath	Cowdenbeath	http://www.espnfc.us/club/cowdenbeath/410/index
2011	47	scottish+league+one	252	arbroath	Arbroath	http://www.espnfc.us/club/arbroath/252/index
2011	47	scottish+league+one	415	dumbarton	Dumbarton	http://www.espnfc.us/club/dumbarton/415/index
2011	47	scottish+league+one	2500	airdrieonians	Airdrieonians	http://www.espnfc.us/club/airdrieonians/2500/index
2011	47	scottish+league+one	405	stenhousemuir	Stenhousemuir	http://www.espnfc.us/club/stenhousemuir/405/index
2011	47	scottish+league+one	421	east-fife	East Fife	http://www.espnfc.us/club/east-fife/421/index
2011	47	scottish+league+one	408	forfar-athletic	Forfar Athletic	http://www.espnfc.us/club/forfar-athletic/408/index
2011	47	scottish+league+one	413	brechin-city	Brechin City	http://www.espnfc.us/club/brechin-city/413/index
2011	47	scottish+league+one	420	albion-rovers	Albion Rovers	http://www.espnfc.us/club/albion-rovers/420/index
2011	47	scottish+league+one	417	stirling-albion	Stirling Albion	http://www.espnfc.us/club/stirling-albion/417/index
2011	48	scottish+league+two	403	alloa-athletic	Alloa Athletic	http://www.espnfc.us/club/alloa-athletic/403/index
2011	48	scottish+league+two	422	queens-park	Queen's Park	http://www.espnfc.us/club/queens-park/422/index
2011	48	scottish+league+two	407	stranraer	Stranraer	http://www.espnfc.us/club/stranraer/407/index
2011	48	scottish+league+two	419	elgin-city	Elgin City	http://www.espnfc.us/club/elgin-city/419/index
2011	48	scottish+league+two	416	peterhead	Peterhead	http://www.espnfc.us/club/peterhead/416/index
2011	48	scottish+league+two	7166	annan-athletic	Annan Athletic	http://www.espnfc.us/club/annan-athletic/7166/index
2011	48	scottish+league+two	412	berwick-rangers	Berwick Rangers	http://www.espnfc.us/club/berwick-rangers/412/index
2011	48	scottish+league+two	414	montrose	Montrose	http://www.espnfc.us/club/montrose/414/index
2011	48	scottish+league+two	255	clyde	Clyde	http://www.espnfc.us/club/clyde/255/index
2011	48	scottish+league+two	418	east-stirlingshire	East Stirlingshire	http://www.espnfc.us/club/east-stirlingshire/418/index
2011	105	dutch+eerste+divisie	2565	pec-zwolle	PEC Zwolle	http://www.espnfc.us/club/pec-zwolle/2565/index
2011	105	dutch+eerste+divisie	151	sparta-rotterdam	Sparta Rotterdam	http://www.espnfc.us/club/sparta-rotterdam/151/index
2011	105	dutch+eerste+divisie	3732	fc-eindhoven	FC Eindhoven	http://www.espnfc.us/club/fc-eindhoven/3732/index
2011	105	dutch+eerste+divisie	3775	helmond-sport	Helmond Sport	http://www.espnfc.us/club/helmond-sport/3775/index
2011	105	dutch+eerste+divisie	156	willem-ii-tilburg	Willem II Tilburg	http://www.espnfc.us/club/willem-ii-tilburg/156/index
2011	105	dutch+eerste+divisie	271	fc-den-bosch	FC Den Bosch	http://www.espnfc.us/club/fc-den-bosch/271/index
2011	105	dutch+eerste+divisie	3736	cambuur-leeuwarden	Cambuur Leeuwarden	http://www.espnfc.us/club/cambuur-leeuwarden/3736/index
2011	105	dutch+eerste+divisie	3730	mvv-maastricht	MVV Maastricht	http://www.espnfc.us/club/mvv-maastricht/3730/index
2011	105	dutch+eerste+divisie	3706	go-ahead-eagles	Go Ahead Eagles	http://www.espnfc.us/club/go-ahead-eagles/3706/index
2011	105	dutch+eerste+divisie	4426	dordrecht-90	Dordrecht '90	http://www.espnfc.us/club/dordrecht-90/4426/index
2011	105	dutch+eerste+divisie	143	fortuna-sittard	Fortuna Sittard	http://www.espnfc.us/club/fortuna-sittard/143/index
2011	105	dutch+eerste+divisie	2727	fc-volendam	FC Volendam	http://www.espnfc.us/club/fc-volendam/2727/index
2011	105	dutch+eerste+divisie	5291	almere-city	Almere City	http://www.espnfc.us/club/almere-city/5291/index
2011	105	dutch+eerste+divisie	3728	fc-oss	FC Oss	http://www.espnfc.us/club/fc-oss/3728/index
2011	105	dutch+eerste+divisie	3735	sc-stormvogels-telstar	SC Stormvogels Telstar	http://www.espnfc.us/club/sc-stormvogels-telstar/3735/index
2011	105	dutch+eerste+divisie	3707	fc-emmen-vv	FC Emmen VV	http://www.espnfc.us/club/fc-emmen-vv/3707/index
2011	107	spanish+segunda+division	90	deportivo-la-coruna	Deportivo La Coruña	http://www.espnfc.us/club/deportivo-la-coruna/90/index
2011	107	spanish+segunda+division	85	celta-vigo	Celta Vigo	http://www.espnfc.us/club/celta-vigo/85/index
2011	107	spanish+segunda+division	95	real-valladolid	Real Valladolid	http://www.espnfc.us/club/real-valladolid/95/index
2011	107	spanish+segunda+division	11121	ad-alcorcon	AD Alcorcon	http://www.espnfc.us/club/ad-alcorcon/11121/index
2011	107	spanish+segunda+division	6833	hercules	Hercules	http://www.espnfc.us/club/hercules/6833/index
2011	107	spanish+segunda+division	8447	cordoba	Cordoba	http://www.espnfc.us/club/cordoba/8447/index
2011	107	spanish+segunda+division	6832	almeria	Almeria	http://www.espnfc.us/club/almeria/6832/index
2011	107	spanish+segunda+division	5462	barcelona-b	Barcelona B	http://www.espnfc.us/club/barcelona-b/5462/index
2011	107	spanish+segunda+division	98	las-palmas	Las Palmas	http://www.espnfc.us/club/las-palmas/98/index
2011	107	spanish+segunda+division	100	numancia	Numancia	http://www.espnfc.us/club/numancia/100/index
2011	107	spanish+segunda+division	3751	elche	Elche	http://www.espnfc.us/club/elche/3751/index
2011	107	spanish+segunda+division	9322	villarreal-b	Villarreal B	http://www.espnfc.us/club/villarreal-b/9322/index
2011	107	spanish+segunda+division	5413	huesca	Huesca	http://www.espnfc.us/club/huesca/5413/index
2011	107	spanish+segunda+division	3835	xerez	Xerez	http://www.espnfc.us/club/xerez/3835/index
2011	107	spanish+segunda+division	9812	girona	Girona	http://www.espnfc.us/club/girona/9812/index
2011	107	spanish+segunda+division	11484	guadalajara	Guadalajara	http://www.espnfc.us/club/guadalajara/11484/index
2011	107	spanish+segunda+division	2571	recreativo-huelva	Recreativo Huelva	http://www.espnfc.us/club/recreativo-huelva/2571/index
2011	107	spanish+segunda+division	2738	murcia	Murcia	http://www.espnfc.us/club/murcia/2738/index
2011	107	spanish+segunda+division	11487	cd-sabadell	CD Sabadell	http://www.espnfc.us/club/cd-sabadell/11487/index
2011	107	spanish+segunda+division	5419	fc-cartagena	FC Cartagena	http://www.espnfc.us/club/fc-cartagena/5419/index
2011	107	spanish+segunda+division	6827	alcoyano	Alcoyano	http://www.espnfc.us/club/alcoyano/6827/index
2011	107	spanish+segunda+division	4492	gimnastic-de-tarragona	Gimnastic de Tarragona	http://www.espnfc.us/club/gimnastic-de-tarragona/4492/index
2011	2299	brasileirao+b	3459	aa-ponte-preta	AA Ponte Preta	http://www.espnfc.us/club/aa-ponte-preta/3459/index
2011	2299	brasileirao+b	3453	parana-clube	Paraná Clube	http://www.espnfc.us/club/parana-clube/3453/index
2011	2299	brasileirao+b	9965	abc	ABC	http://www.espnfc.us/club/abc/9965/index
2011	2299	brasileirao+b	7635	sport	Sport	http://www.espnfc.us/club/sport/7635/index
2011	2299	brasileirao+b	4773	portuguesa-de-desportos	Portuguesa de Desportos	http://www.espnfc.us/club/portuguesa-de-desportos/4773/index
2011	2299	brasileirao+b	7385	guarani	Guarani	http://www.espnfc.us/club/guarani/7385/index
2011	2299	brasileirao+b	7376	guaratingueta	Guaratinguetá	http://www.espnfc.us/club/guaratingueta/7376/index
2011	2299	brasileirao+b	9971	criciuma	Criciúma	http://www.espnfc.us/club/criciuma/9971/index
2011	2299	brasileirao+b	7633	nautico	Náutico	http://www.espnfc.us/club/nautico/7633/index
2011	2299	brasileirao+b	9973	vila-nova-go	Vila Nova-GO	http://www.espnfc.us/club/vila-nova-go/9973/index
2011	2299	brasileirao+b	7486	ituiutaba-esporte-clube	Ituiutaba Esporte Clube	http://www.espnfc.us/club/ituiutaba-esporte-clube/7486/index
2011	2299	brasileirao+b	3457	ec-vitoria	EC Vitória	http://www.espnfc.us/club/ec-vitoria/3457/index
2011	2299	brasileirao+b	5266	goias	Goiás	http://www.espnfc.us/club/goias/5266/index
2011	2299	brasileirao+b	6079	bragantino	Bragantino	http://www.espnfc.us/club/bragantino/6079/index
2011	2299	brasileirao+b	1361	salgueiros	Salgueiros	http://www.espnfc.us/club/salgueiros/1361/index
2011	2299	brasileirao+b	6084	sao-caetano	Sao Caetano	http://www.espnfc.us/club/sao-caetano/6084/index
2011	2299	brasileirao+b	10983	icasa	Icasa	http://www.espnfc.us/club/icasa/10983/index
2011	2299	brasileirao+b	7375	gremio-barueri	Gremio Barueri	http://www.espnfc.us/club/gremio-barueri/7375/index
2011	2299	brasileirao+b	6196	asa	ASA	http://www.espnfc.us/club/asa/6196/index
2011	2299	brasileirao+b	9175	duque-de-caxias	Duque de Caxias	http://www.espnfc.us/club/duque-de-caxias/9175/index
2011	2244	primera+division+de+el+salvador	7224	metapan	Metapan	http://www.espnfc.us/club/metapan/7224/index
2011	2244	primera+division+de+el+salvador	7229	cd-fas	CD FAS	http://www.espnfc.us/club/cd-fas/7229/index
2011	2244	primera+division+de+el+salvador	7227	once-municipal	Once Municipal	http://www.espnfc.us/club/once-municipal/7227/index
2011	2244	primera+division+de+el+salvador	7226	aguila	Aguila	http://www.espnfc.us/club/aguila/7226/index
2011	2244	primera+division+de+el+salvador	7232	luis-angel-firpo	Luis Angel Firpo	http://www.espnfc.us/club/luis-angel-firpo/7232/index
2011	2244	primera+division+de+el+salvador	7225	alianza-fc	Alianza FC	http://www.espnfc.us/club/alianza-fc/7225/index
2011	2244	primera+division+de+el+salvador	9790	juventud-independiente	Juventud Independiente	http://www.espnfc.us/club/juventud-independiente/9790/index
2011	2244	primera+division+de+el+salvador	7233	vista-hermosa	Vista Hermosa	http://www.espnfc.us/club/vista-hermosa/7233/index
2011	2248	liga+nacional+de+guatemala	7257	comunicaciones	Comunicaciones	http://www.espnfc.us/club/comunicaciones/7257/index
2011	2248	liga+nacional+de+guatemala	7252	marquense	Marquense	http://www.espnfc.us/club/marquense/7252/index
2011	2248	liga+nacional+de+guatemala	7259	xelaju	Xelaju	http://www.espnfc.us/club/xelaju/7259/index
2011	2248	liga+nacional+de+guatemala	7258	municipal	Municipal	http://www.espnfc.us/club/municipal/7258/index
2011	2248	liga+nacional+de+guatemala	7251	suchitepequez	Suchitepequez	http://www.espnfc.us/club/suchitepequez/7251/index
2011	2248	liga+nacional+de+guatemala	7256	petapa	Petapa	http://www.espnfc.us/club/petapa/7256/index
2011	2248	liga+nacional+de+guatemala	7260	mictlan	Mictlan	http://www.espnfc.us/club/mictlan/7260/index
2011	2248	liga+nacional+de+guatemala	7255	heredia	Heredia	http://www.espnfc.us/club/heredia/7255/index
2011	2248	liga+nacional+de+guatemala	7870	malacateco	Malacateco	http://www.espnfc.us/club/malacateco/7870/index
2011	2248	liga+nacional+de+guatemala	8407	penarol	Penarol	http://www.espnfc.us/club/penarol/8407/index
2011	2248	liga+nacional+de+guatemala	7261	zacapa	Zacapa	http://www.espnfc.us/club/zacapa/7261/index
2011	2197	south+african+premiership	7075	ajax-cape-town	Ajax Cape Town	http://www.espnfc.us/club/ajax-cape-town/7075/index
2011	2197	south+african+premiership	7079	amazulu	Amazulu	http://www.espnfc.us/club/amazulu/7079/index
2011	2197	south+african+premiership	7083	bidvest-wits	Bidvest Wits	http://www.espnfc.us/club/bidvest-wits/7083/index
2011	2197	south+african+premiership	7072	black-leopards	Black Leopards	http://www.espnfc.us/club/black-leopards/7072/index
2011	2197	south+african+premiership	7071	bloem-celtic	Bloem Celtic	http://www.espnfc.us/club/bloem-celtic/7071/index
2011	2197	south+african+premiership	7097	free-state-stars	Free State Stars	http://www.espnfc.us/club/free-state-stars/7097/index
2011	2197	south+african+premiership	7077	golden-arrows	Golden Arrows	http://www.espnfc.us/club/golden-arrows/7077/index
2011	2197	south+african+premiership	7081	kaizer-chiefs	Kaizer Chiefs	http://www.espnfc.us/club/kaizer-chiefs/7081/index
2011	2197	south+african+premiership	7084	mamelodi-sundowns	Mamelodi Sundowns	http://www.espnfc.us/club/mamelodi-sundowns/7084/index
2011	2197	south+african+premiership	7082	maritzburg-utd	Maritzburg Utd	http://www.espnfc.us/club/maritzburg-utd/7082/index
2011	2197	south+african+premiership	7073	moroka-swallows	Moroka Swallows	http://www.espnfc.us/club/moroka-swallows/7073/index
2011	2197	south+african+premiership	7085	orlando-pirates	Orlando Pirates	http://www.espnfc.us/club/orlando-pirates/7085/index
2011	2197	south+african+premiership	7076	silver-stars	Silver Stars	http://www.espnfc.us/club/silver-stars/7076/index
2011	2197	south+african+premiership	7080	supersport-united	SuperSport United	http://www.espnfc.us/club/supersport-united/7080/index
2011	2197	south+african+premiership	7096	pretoria-univ	Pretoria Univ	http://www.espnfc.us/club/pretoria-univ/7096/index
2011	2294	nacional+b+de+argentina	16	river-plate	River Plate	http://www.espnfc.us/club/river-plate/16/index
2011	2294	nacional+b+de+argentina	2741	quilmes	Quilmes	http://www.espnfc.us/club/quilmes/2741/index
2011	2294	nacional+b+de+argentina	2975	instituto-de-cordoba	Instituto de Córdoba	http://www.espnfc.us/club/instituto-de-cordoba/2975/index
2011	2294	nacional+b+de+argentina	17	rosario-central	Rosario Central	http://www.espnfc.us/club/rosario-central/17/index
2011	2294	nacional+b+de+argentina	10374	patronato	Patronato	http://www.espnfc.us/club/patronato/10374/index
2011	2294	nacional+b+de+argentina	9743	ferro-carril-oeste	Ferro Carril Oeste	http://www.espnfc.us/club/ferro-carril-oeste/9743/index
2011	2294	nacional+b+de+argentina	9740	almirante-brown	Almirante Brown	http://www.espnfc.us/club/almirante-brown/9740/index
2011	2294	nacional+b+de+argentina	9	gimnasia-la-plata	Gimnasia La Plata	http://www.espnfc.us/club/gimnasia-la-plata/9/index
2011	2294	nacional+b+de+argentina	8950	defensa-y-justicia	Defensa y Justicia	http://www.espnfc.us/club/defensa-y-justicia/8950/index
2011	2294	nacional+b+de+argentina	9739	aldosivi	Aldosivi	http://www.espnfc.us/club/aldosivi/9739/index
2011	2294	nacional+b+de+argentina	10	huracan	Huracán	http://www.espnfc.us/club/huracan/10/index
2011	2294	nacional+b+de+argentina	9744	independiente-rivadavia	Independiente Rivadavia	http://www.espnfc.us/club/independiente-rivadavia/9744/index
2011	2294	nacional+b+de+argentina	10153	deportivo-merlo	Deportivo Merlo	http://www.espnfc.us/club/deportivo-merlo/10153/index
2011	2294	nacional+b+de+argentina	9785	atletico-tucuman	Atlético Tucumán	http://www.espnfc.us/club/atletico-tucuman/9785/index
2011	2294	nacional+b+de+argentina	5263	gimnasia-y-esgrima-de-jujuy	Gimnasia y Esgrima de Jujuy	http://www.espnfc.us/club/gimnasia-y-esgrima-de-jujuy/5263/index
2011	2294	nacional+b+de+argentina	10146	atlanta	Atlanta	http://www.espnfc.us/club/atlanta/10146/index
2011	2294	nacional+b+de+argentina	6	chacarita-juniors	Chacarita Juniors	http://www.espnfc.us/club/chacarita-juniors/6/index
2011	2308	primera+division+b+de+argentina	10158	sarmiento-de-junin	Sarmiento de Junín	http://www.espnfc.us/club/sarmiento-de-junin/10158/index
2011	2308	primera+division+b+de+argentina	10149	colegiales	Colegiales	http://www.espnfc.us/club/colegiales/10149/index
2011	2308	primera+division+b+de+argentina	10155	estudiantes-de-buenos-aires	Estudiantes de Buenos Aires	http://www.espnfc.us/club/estudiantes-de-buenos-aires/10155/index
2011	2308	primera+division+b+de+argentina	236	nueva-chicago	Nueva Chicago	http://www.espnfc.us/club/nueva-chicago/236/index
2011	2308	primera+division+b+de+argentina	10147	brown-de-adrogue	Brown de Adrogué	http://www.espnfc.us/club/brown-de-adrogue/10147/index
2011	2308	primera+division+b+de+argentina	9745	platense	Platense	http://www.espnfc.us/club/platense/9745/index
2011	2308	primera+division+b+de+argentina	13	los-andes	Los Andes	http://www.espnfc.us/club/los-andes/13/index
2011	2308	primera+division+b+de+argentina	10150	comunicaciones	Comunicaciones	http://www.espnfc.us/club/comunicaciones/10150/index
2011	2308	primera+division+b+de+argentina	10145	acassuso	Acassuso	http://www.espnfc.us/club/acassuso/10145/index
2011	2308	primera+division+b+de+argentina	2	almagro	Almagro	http://www.espnfc.us/club/almagro/2/index
2011	2308	primera+division+b+de+argentina	10052	san-carlos	San Carlos	http://www.espnfc.us/club/san-carlos/10052/index
2011	2308	primera+division+b+de+argentina	10152	deportivo-armenio	Deportivo Armenio	http://www.espnfc.us/club/deportivo-armenio/10152/index
2011	2308	primera+division+b+de+argentina	10156	flandria	Flandria	http://www.espnfc.us/club/flandria/10156/index
2011	2308	primera+division+b+de+argentina	10157	san-telmo	San Telmo	http://www.espnfc.us/club/san-telmo/10157/index
2011	2308	primera+division+b+de+argentina	10162	temperley	Temperley	http://www.espnfc.us/club/temperley/10162/index
2011	2308	primera+division+b+de+argentina	10160	sportivo-italiano	Sportivo Italiano	http://www.espnfc.us/club/sportivo-italiano/10160/index
2011	2308	primera+division+b+de+argentina	10163	tristan-suarez	Tristán Suárez	http://www.espnfc.us/club/tristan-suarez/10163/index
2011	2308	primera+division+b+de+argentina	10151	defensores-de-belgrano	Defensores de Belgrano	http://www.espnfc.us/club/defensores-de-belgrano/10151/index
2011	2308	primera+division+b+de+argentina	10060	barracas-central	Barracas Central	http://www.espnfc.us/club/barracas-central/10060/index
2011	2308	primera+division+b+de+argentina	10154	deportivo-moron	Deportivo Morón	http://www.espnfc.us/club/deportivo-moron/10154/index
2011	2308	primera+division+b+de+argentina	10057	lamadrid	Lamadrid	http://www.espnfc.us/club/lamadrid/10057/index
2011	2301	primera+division+c+de+argentina	10064	villa-dalmine	Villa Dálmine	http://www.espnfc.us/club/villa-dalmine/10064/index
2011	2301	primera+division+c+de+argentina	10104	fc-urquiza	FC Urquiza	http://www.espnfc.us/club/fc-urquiza/10104/index
2011	2301	primera+division+c+de+argentina	10059	cambaceres	Cambaceres	http://www.espnfc.us/club/cambaceres/10059/index
2011	2301	primera+division+c+de+argentina	10056	j-j-de-urquiza	J. J. de Urquiza	http://www.espnfc.us/club/j-j-de-urquiza/10056/index
2011	2301	primera+division+c+de+argentina	10065	laferrere	Laferrere	http://www.espnfc.us/club/laferrere/10065/index
2011	2301	primera+division+c+de+argentina	10148	central-cordoba-de-rosario	Central Córdoba de Rosario	http://www.espnfc.us/club/central-cordoba-de-rosario/10148/index
2011	2301	primera+division+c+de+argentina	10103	dock-sud	Dock Sud	http://www.espnfc.us/club/dock-sud/10103/index
2011	2301	primera+division+c+de+argentina	10109	midland	Midland	http://www.espnfc.us/club/midland/10109/index
2011	2301	primera+division+c+de+argentina	10050	berazategui	Berazategui	http://www.espnfc.us/club/berazategui/10050/index
2011	2301	primera+division+c+de+argentina	10161	talleres-de-remedios-de-escalada	Talleres de Remedios de Escalada	http://www.espnfc.us/club/talleres-de-remedios-de-escalada/10161/index
2011	2301	primera+division+c+de+argentina	10054	excursionistas	Excursionistas	http://www.espnfc.us/club/excursionistas/10054/index
2011	2301	primera+division+c+de+argentina	10062	ln-alem	L.N. Alem	http://www.espnfc.us/club/ln-alem/10062/index
2011	2301	primera+division+c+de+argentina	10058	san-miguel	San Miguel	http://www.espnfc.us/club/san-miguel/10058/index
2011	2301	primera+division+c+de+argentina	10055	argentino-de-merlo	Argentino de Merlo	http://www.espnfc.us/club/argentino-de-merlo/10055/index
2011	2301	primera+division+c+de+argentina	10049	lujan	Luján	http://www.espnfc.us/club/lujan/10049/index
2011	2301	primera+division+c+de+argentina	10159	social-espanol	Social Español	http://www.espnfc.us/club/social-espanol/10159/index
2011	2301	primera+division+c+de+argentina	10061	el-porvenir	El Porvenir	http://www.espnfc.us/club/el-porvenir/10061/index
2011	2301	primera+division+c+de+argentina	10051	sacachispas	Sacachispas	http://www.espnfc.us/club/sacachispas/10051/index
2011	2301	primera+division+c+de+argentina	10047	cadu	CADU	http://www.espnfc.us/club/cadu/10047/index
2011	2301	primera+division+c+de+argentina	10107	liniers	Liniers	http://www.espnfc.us/club/liniers/10107/index
2011	2304	primera+division+d+de+argentina	10053	fenix	Fénix	http://www.espnfc.us/club/fenix/10053/index
2011	2304	primera+division+d+de+argentina	10098	argentino-de-quilmes	Argentino de Quilmes	http://www.espnfc.us/club/argentino-de-quilmes/10098/index
2011	2304	primera+division+d+de+argentina	10099	atlas	Atlas	http://www.espnfc.us/club/atlas/10099/index
2011	2304	primera+division+d+de+argentina	10101	centro-espanol	Centro Español	http://www.espnfc.us/club/centro-espanol/10101/index
2011	2304	primera+division+d+de+argentina	10112	riestra 	Riestra 	http://www.espnfc.us/club/riestra /10112/index
2011	2304	primera+division+d+de+argentina	10113	san-martin-b	San Martín B	http://www.espnfc.us/club/san-martin-b/10113/index
2011	2304	primera+division+d+de+argentina	10046	canuelas	Cañuelas	http://www.espnfc.us/club/canuelas/10046/index
2011	2304	primera+division+d+de+argentina	10115	yupanqui	Yupanqui	http://www.espnfc.us/club/yupanqui/10115/index
2011	2304	primera+division+d+de+argentina	10114	victoriano-arenas	Victoriano Arenas	http://www.espnfc.us/club/victoriano-arenas/10114/index
2011	2304	primera+division+d+de+argentina	10106	juventud-unida	Juventud Unida	http://www.espnfc.us/club/juventud-unida/10106/index
2011	2304	primera+division+d+de+argentina	10048	argentino-rosario	Argentino Rosario	http://www.espnfc.us/club/argentino-rosario/10048/index
2011	2304	primera+division+d+de+argentina	10102	claypole	Claypole	http://www.espnfc.us/club/claypole/10102/index
2011	2304	primera+division+d+de+argentina	10105	ituzaingo	Ituzaingó	http://www.espnfc.us/club/ituzaingo/10105/index
2011	2304	primera+division+d+de+argentina	10108	lugano	Lugano	http://www.espnfc.us/club/lugano/10108/index
2011	2304	primera+division+d+de+argentina	10110	deportivo-paraguayo	Deportivo Paraguayo	http://www.espnfc.us/club/deportivo-paraguayo/10110/index
2011	2304	primera+division+d+de+argentina	10100	central-ballester	Central Ballester	http://www.espnfc.us/club/central-ballester/10100/index
2011	2304	primera+division+d+de+argentina	10063	barracas-bolivar	Barracas Bolivar	http://www.espnfc.us/club/barracas-bolivar/10063/index
